Workbook
Name BudgetCategory: 'תקציב להבראה'!$G$8:$G$164
Name Category: 'תקציב וביצוע'!$B$2:$B$1028
Name Cols: 'תקציב להבראה'!#REF!
Name CurrDate: חובות!$B$2
Name CurrentIncome: 'תקציב להבראה'!$C$165
Name CurrentMonthlyDebt: 'פריסת חובות'!$C$42
Name CurrentOutgo: 'תקציב להבראה'!$C$139
Name Debts_Debt: OFFSET(חובות!$A$9,1,MATCH("סכום החוב",חובות!$9:$9,0)-1,COUNTA(חובות!$A$9:$A$200)-2)
Name Debts_Int: OFFSET(חובות!$A$9,1,MATCH("אחוז ריבית",חובות!$9:$9,0)-1,COUNTA(חובות!$A$9:$A$200)-2)
Name Debts_Name: OFFSET(חובות!$A$9,1,MATCH("שם הנושה",חובות!$9:$9,0)-1,COUNTA(חובות!$A$9:$A$200)-2)
Name Debts_Pmt: OFFSET(חובות!$A$9,1,MATCH("סכום החזר בחודש הנוכחי",חובות!$9:$9,0)-1,COUNTA(חובות!$A$9:$A$200)-2)
Name Debts_PmtsLeft: OFFSET(חובות!$A$9,1,MATCH("מס' תשלומים נותרים",חובות!$9:$9,0)-1,COUNTA(חובות!$A$9:$A$200)-2)
Name Debts_Yitra: OFFSET(חובות!$A$9,1,MATCH("נותר לתשלום",חובות!$9:$9,0)-1,COUNTA(חובות!$A$9:$A$200)-2)
Name DebtSplit: Par!$B$10:$B$100
Name ExpCol: 'תקציב להבראה'!#REF!
Name ExpFig: 'תקציב להבראה'!#REF!
Name ExpRows: 'תקציב להבראה'!#REF!
Name Family: 'תקציב להבראה'!$C$1
Name ImportExpenseRange: OFFSET(Category,Rows, Cols, ExpRows, ExpCol)
Name ImportExpFigRange: OFFSET(Category,Rows, ExpFig, ExpRows, ExpCol)
Name InCol: 'תקציב להבראה'!#REF!
Name InColOffSet: 'תקציב להבראה'!#REF!
Name IncomeFigRange: OFFSET(Category,InRows,ExpFig, InRow, InCol)
Name IncomeRange: OFFSET(Category,InRows,InColOffSet, InRow, InCol)
Name InRow: 'תקציב להבראה'!#REF!
Name InRows: 'תקציב להבראה'!#REF!
Name LoanOptionNames: 'תכנון הבראה'!$U$6:$U$11
Name LoanOptionNames_NS: 'תכנון הבראה'!$X$6:$X$8
Name LoanOptions: 'תכנון הבראה'!$U$6:$V$11
Name LoanTotal: 'תכנון הבראה'!$B$38
Name PeraonTotal: 'תכנון הבראה'!$G$42
Name PidyonotTotal: 'תכנון הבראה'!#REF!
Name Rows: 'תקציב להבראה'!#REF!

Sheet הסברים
O4: גרסא: | P4: 1.5
B6: סימולטור לתוכנית הבראה
C8: שלבי העבודה | K8: לשאלות, הערות והארות: | P8: ronistaier@paamonim.org
C9: יבוא נתונים מהתוכנה לקובץ זה:
D10: א. יבוא תקציב וביצוע לפי ההוראות בגליון "תקציב וביצוע"
D11: ב. יבוא חובות לפי ההוראות בגליון "חובות"
C12: כעת הקובץ מוכן לתכנון וסימולציה של תכנית ההבראה. שמרו אותו בשם משמעותי (לדוגמא: "תכנית הבראה למשפחת כהן-חלופה1.XLS")
C14: תכנון תקציב/י הבראה בגליון "תקציב להבראה"
D15: א. ברירת המחדל עבור התקציב המוצע הינו התקציב הקיים, אולם ניתן לדרוס את הנוסחא ולרשום כל סכום אחר.
D16: ב. מומלץ להוסיף הערה במקרה שמשנים את התקציב המוצע.
D17: ג. בתחתית הגיליון מופיע סיכום של התקציב. כדאי לשים לב לשורה המציגה את ההפרש כולל החזר חובות.
C19: תכנון ההבראה ע"ב המשאבים הקיימים (חסכונות, קרנות וכו') ומשאבים שניתן להשיג (הלוואות, סיוע מהורים, מענקים וכו') בגליון "תכנון הבראה".
C20: הגיליון מחולק למספר שלבים, אפשר ורצוי לחזור מדי פעם על השלבים על מנת לראות שהתכנית הכוללת סבירה והגיונית.
C22: שלב 1: תכנון תקציב
D23: בשלב זה עליכם להעריך את התקציב הצפוי בעתיד הנראה לעין. ניתן להוסיף עוד שני תקציבים כאשר יש לשים לרישום תקין של מספר החודש שממנו ואילך התקציב נכנס לתוקף. לדוג' אם אתם מעריכים שבעוד שנה מהיום התקציב ישתנה עליכם לרשום תחת "תקציב מוצע 2" את ההכנסות וההוצאות הצפויות ומתחת לשורת ההפרש לרשום 13 (כיוון שהחל מהחודש ה-13 התקציב משתנה)
C24: שלב 2: כספים זמינים (חסכונות, פדיון פיצויים, מענקי הבראה וכו')
D25: בשלב זה עליכם לפרט את כספי החסכון הזמינים למשפחה. ניתן לערוך את הכותרות בהתאם. אם חסרים לכם שורות ניתן לאחד מספר חסכונות תחת שורה אחת. תחת הכותרת "סכום" עליכם לרשום את סה"כ הסכום הקיים, ותחת הכותרת "סכום למשיכה" עליכם לרשום את הסכום שיימשך לצורך מימוש תכנית ההבראה.
C26: שלב 3: הלוואות זמינות
D27: בשלב זה עליכם לפרט את ההלוואות החדשות שאתם ממליצים למשפחה לקחת לצורך מימוש תכנית ההבראה. אפשר ורצוי לערוך את הכותרות. יש לרשום את סך ההלוואה, את הריבית ואת מספר חודשי ההחזר. בהתאם תקבלו את סך ההחזר החודשי.
C28: כעת כדאי לשים לב לבדיקת הביניים לפני שממשיכים.
C29: שלב 4: טיפול בחובות שבהסדר
D30: הנתונים המופיעים בטבלה זו נמשכים מגיליון "חובות - פלט מהמערכת". מטרת הטבלה היא לעזור לכם לקבל החלטות לגבי צורת ודחיפות הטיפול בחובות השונים. הפעולות העומדים לרשותכם הינם להלן:
D31: א. "ללא שינוי"
D32: ב. "פרעון מלא" - החוב יימחק במלואו במיידי. יש לרשום את סכום הפרעון המלא וזאת כיוון שאנו מניחים שעלות הפרעון בפועל שונה מהיתרה המופיעה בדוח.
D33: ג. "הקפאה" - יש לרשום את מספר חודשי ההקפאה. יש לשים לב שאחרי שמסתיימת ההקפאה ההחזר החודשים ממשיך כפי שהוא היום.
D34: ד. "פריסה מחדש" - יש לרשום תחת "תקופה" את מספר חודשי ההחזר החדש. הכלי יחשב עבורכם את ההחזר החודשי החדש על סמך הריבית המקורית מהדוח. אם הריבית בפועל שונה ניתן לשנות זאת ע"י שינוי הנתון בדוח.
D35: ה. "ויתור חלקי" - יש לרשום את את סך הויתור. הכלי יחשב את ההחזר החודשי החדש באופן יחסי להחזר הקיים והיתרה החדשה.
D36: ו. "ויתור מלא" - החוב יימחק במלואו.
C38: שלב 5: טיפול בחובות שלא בהסדר
D39: הנתונים המופיעים בטבלא זו נמשכים מגיליון "חובות - פלט מהמערכת". מטרת הטבלא היא לעזור לכם לקבל החלטות לגבי צורת הטיפול בחובות שנכון להיום אינם בטיפול. שימו לב שברירת המחדל הינה שהחובות לא יטופלו כלל ולכן חשוב לבחור פעולה מתאימה.
D40: א. "ללא שינוי"
D41: ב. "פרעון מלא" - החוב יימחק במלואו במיידי. יש לרשום את סכום הפרעון המלא וזאת כיוון שאנו מניחים שעלות הפרעון בפועל שונה מהיתרה המופיעה בדוח.
D42: ג. "פריסה מחדש" - יש לרשום את מספר חודשי ההחזר וכן את הריבית. הכלי יחשב עבורכם את ההחזר החודשי החדש.
C44: בחינת תכנית ההבראה על ציר הזמן בגליון "סיכום ויזואלי" במידת הצורך יש לחזור לשלבים 2-3 לבחינת שינויים נוספים.
C46: בחינת התנועה הכספית הצפויה בשנים הקרובות בגיליון "סיכום תוצאות". ניתן להציג פירוט רב יותר ע"י לחיצה על ה "+" שבצד.
C47: בגיליון מוצג התזרים כיום, התזרים הצפוי וכן את התפתחות יתרת החובות לאורך זמן.
C53: רשימת תיקונים בין גרסאות
B54: 1.01 | C54: גיליון "סיכום ויזואלי", גרף התפתחות יתרת חובות המשפחה, שונה יתרת חובות שלא בהסדר ליתרת חובות שלא בהסדר לאחר תכנית ההבראה
B55: 1.02 | C55: תיקון באג הלוואות
C56: צביעה בכתום כאשר תקציב מוצע שונה מתקציב קיים
C57: הוספת תקופת גרייס להלוואה חדשה
C58: הוספת גרף מימון מסכום ראשוני
C59: הוספת מועד פרעון חסכון עתידי
B60: 1.03 | C60: הוספת גרף התפתחות יתרת חובות
B61: 1.04 | C61: הוצאת גרייס וסידור גרפים
B62: 1.07 | C62: תיקון טבלת סטטיסטיקות. הוספת זמן להחזר חובות לא בהסדר
C63: אם זמן הפרעון של כל החובות גדול מ 100 חודשים אז מופיע בסטסטיקה בטאב "סיכום ויזואלי" - "יותר מ 10 שנים"
C64: ב D137 עד 140 תיקון סכום ההלאה שנלקחה. אם הייתה הלוואה בגרייס אז לא הייתה מותווספת להלוואות
C65: כאשר נוסף מזומן אז יתרת מזומנים לאחר החזר חובות הולך לקיזוז חובות שלא הסדר.
B66: 1.2 | C66: הגדלת כמות ההלוואות מ-4 ל-10
B67: 1.3 | C67: שינוי תקציב הבראה בהתאם לשינויים בסעיפים בתוכנה ובאפליקציה בספטמבר 2022
B68: 1.4 | C68: תיקון עם השינוי במבנה מסך תקציב מול ביצוע - אוגוסט 2023
B69: 1.5 | C69: הוספת דחיית תשלום לחוב שלא בהסדר - אוקטובר 2023
C70: תיקון מקרה של הרבה סעיפים פרטיים

Sheet תקציב וביצוע

Sheet חובות

Sheet Par
A1: גיליון עזר לנוסחאות השונות בחוברת
A4: נוסחאות עזר לחלוקת החובות בין כאלה שבהסדר לשאינם
A5: מספר החובות | B5: =COUNTIF(B10:B200,">0") -> 0
A6: מתוכן בהסדר | B6: =COUNTIF(B10:B200,"=1") -> 0
A7: מתוכן לא בהסדר | B7: =+B5-B6 -> 0
A9: קידוד החוב
A10: =IF(B10=0,"",IF(B10=1,"בהסדר","לא בהסדר")) | B10: =IFERROR(IF(AND(INDEX(Debts_Name,ROW()-ROW($A$9))<>"",A9>0),IFERROR(IF(VALUE(INDEX(Debts_Pmt,ROW()-ROW($A$9)))>0,1,2),2),0),0) -> 0
A11: =IF(B11=0,"",IF(B11=1,"בהסדר","לא בהסדר")) | B11: =IFERROR(IF(AND(INDEX(Debts_Name,ROW()-ROW($A$9))<>"",A10>0),IFERROR(IF(VALUE(INDEX(Debts_Pmt,ROW()-ROW($A$9)))>0,1,2),2),0),0) -> 0
A12: =IF(B12=0,"",IF(B12=1,"בהסדר","לא בהסדר")) | B12: =IFERROR(IF(AND(INDEX(Debts_Name,ROW()-ROW($A$9))<>"",A11>0),IFERROR(IF(VALUE(INDEX(Debts_Pmt,ROW()-ROW($A$9)))>0,1,2),2),0),0) -> 0
A13: =IF(B13=0,"",IF(B13=1,"בהסדר","לא בהסדר")) | B13: =IFERROR(IF(AND(INDEX(Debts_Name,ROW()-ROW($A$9))<>"",A12>0),IFERROR(IF(VALUE(INDEX(Debts_Pmt,ROW()-ROW($A$9)))>0,1,2),2),0),0) -> 0
A14: =IF(B14=0,"",IF(B14=1,"בהסדר","לא בהסדר")) | B14: =IFERROR(IF(AND(INDEX(Debts_Name,ROW()-ROW($A$9))<>"",A13>0),IFERROR(IF(VALUE(INDEX(Debts_Pmt,ROW()-ROW($A$9)))>0,1,2),2),0),0) -> 0
A15: =IF(B15=0,"",IF(B15=1,"בהסדר","לא בהסדר")) | B15: =IFERROR(IF(AND(INDEX(Debts_Name,ROW()-ROW($A$9))<>"",A14>0),IFERROR(IF(VALUE(INDEX(Debts_Pmt,ROW()-ROW($A$9)))>0,1,2),2),0),0) -> 0
A16: =IF(B16=0,"",IF(B16=1,"בהסדר","לא בהסדר")) | B16: =IFERROR(IF(AND(INDEX(Debts_Name,ROW()-ROW($A$9))<>"",A15>0),IFERROR(IF(VALUE(INDEX(Debts_Pmt,ROW()-ROW($A$9)))>0,1,2),2),0),0) -> 0
A17: =IF(B17=0,"",IF(B17=1,"בהסדר","לא בהסדר")) | B17: =IFERROR(IF(AND(INDEX(Debts_Name,ROW()-ROW($A$9))<>"",A16>0),IFERROR(IF(VALUE(INDEX(Debts_Pmt,ROW()-ROW($A$9)))>0,1,2),2),0),0) -> 0
A18: =IF(B18=0,"",IF(B18=1,"בהסדר","לא בהסדר")) | B18: =IFERROR(IF(AND(INDEX(Debts_Name,ROW()-ROW($A$9))<>"",A17>0),IFERROR(IF(VALUE(INDEX(Debts_Pmt,ROW()-ROW($A$9)))>0,1,2),2),0),0) -> 0
A19: =IF(B19=0,"",IF(B19=1,"בהסדר","לא בהסדר")) | B19: =IFERROR(IF(AND(INDEX(Debts_Name,ROW()-ROW($A$9))<>"",A18>0),IFERROR(IF(VALUE(INDEX(Debts_Pmt,ROW()-ROW($A$9)))>0,1,2),2),0),0) -> 0
A20: =IF(B20=0,"",IF(B20=1,"בהסדר","לא בהסדר")) | B20: =IFERROR(IF(AND(INDEX(Debts_Name,ROW()-ROW($A$9))<>"",A19>0),IFERROR(IF(VALUE(INDEX(Debts_Pmt,ROW()-ROW($A$9)))>0,1,2),2),0),0) -> 0
A21: =IF(B21=0,"",IF(B21=1,"בהסדר","לא בהסדר")) | B21: =IFERROR(IF(AND(INDEX(Debts_Name,ROW()-ROW($A$9))<>"",A20>0),IFERROR(IF(VALUE(INDEX(Debts_Pmt,ROW()-ROW($A$9)))>0,1,2),2),0),0) -> 0
... A100: =IF(B100=0,"",IF(B100=1,"בהסדר","לא בהסדר")) | B100: =IFERROR(IF(AND(INDEX(Debts_Name,ROW()-ROW($A$9))<>"",A99>0),IFERROR(IF(VALUE(INDEX(Debts_Pmt,ROW()-ROW($A$9)))>0,1,2),2),0),0) -> 0
B101: =IFERROR(IF(AND(INDEX(Debts_Name,ROW()-ROW($A$9))<>"",A100>0),IFERROR(IF(VALUE(INDEX(Debts_Pmt,ROW()-ROW($A$9)))>0,1,2),2),0),0) -> 0
B102: =IFERROR(IF(AND(INDEX(Debts_Name,ROW()-ROW($A$9))<>"",A101>0),IFERROR(IF(VALUE(INDEX(Debts_Pmt,ROW()-ROW($A$9)))>0,1,2),2),0),0) -> 0
B103: =IFERROR(IF(AND(INDEX(Debts_Name,ROW()-ROW($A$9))<>"",A102>0),IFERROR(IF(VALUE(INDEX(Debts_Pmt,ROW()-ROW($A$9)))>0,1,2),2),0),0) -> 0
B104: =IFERROR(IF(AND(INDEX(Debts_Name,ROW()-ROW($A$9))<>"",A103>0),IFERROR(IF(VALUE(INDEX(Debts_Pmt,ROW()-ROW($A$9)))>0,1,2),2),0),0) -> 0
B105: =IFERROR(IF(AND(INDEX(Debts_Name,ROW()-ROW($A$9))<>"",A104>0),IFERROR(IF(VALUE(INDEX(Debts_Pmt,ROW()-ROW($A$9)))>0,1,2),2),0),0) -> 0
B106: =IFERROR(IF(AND(INDEX(Debts_Name,ROW()-ROW($A$9))<>"",A105>0),IFERROR(IF(VALUE(INDEX(Debts_Pmt,ROW()-ROW($A$9)))>0,1,2),2),0),0) -> 0
B107: =IFERROR(IF(AND(INDEX(Debts_Name,ROW()-ROW($A$9))<>"",A106>0),IFERROR(IF(VALUE(INDEX(Debts_Pmt,ROW()-ROW($A$9)))>0,1,2),2),0),0) -> 0
B108: =IFERROR(IF(AND(INDEX(Debts_Name,ROW()-ROW($A$9))<>"",A107>0),IFERROR(IF(VALUE(INDEX(Debts_Pmt,ROW()-ROW($A$9)))>0,1,2),2),0),0) -> 0
B109: =IFERROR(IF(AND(INDEX(Debts_Name,ROW()-ROW($A$9))<>"",A108>0),IFERROR(IF(VALUE(INDEX(Debts_Pmt,ROW()-ROW($A$9)))>0,1,2),2),0),0) -> 0
B110: =IFERROR(IF(AND(INDEX(Debts_Name,ROW()-ROW($A$9))<>"",A109>0),IFERROR(IF(VALUE(INDEX(Debts_Pmt,ROW()-ROW($A$9)))>0,1,2),2),0),0) -> 0
B111: =IFERROR(IF(AND(INDEX(Debts_Name,ROW()-ROW($A$9))<>"",A110>0),IFERROR(IF(VALUE(INDEX(Debts_Pmt,ROW()-ROW($A$9)))>0,1,2),2),0),0) -> 0
B112: =IFERROR(IF(AND(INDEX(Debts_Name,ROW()-ROW($A$9))<>"",A111>0),IFERROR(IF(VALUE(INDEX(Debts_Pmt,ROW()-ROW($A$9)))>0,1,2),2),0),0) -> 0
... B200: =IFERROR(IF(AND(INDEX(Debts_Name,ROW()-ROW($A$9))<>"",A199>0),IFERROR(IF(VALUE(INDEX(Debts_Pmt,ROW()-ROW($A$9)))>0,1,2),2),0),0) -> 0

Sheet פריסת חובות
A1: טבלת פריסת חובות
A2: חובות שבהסדר בלבד
A3: משפחת | B3: =חובות!B3 -> 0
A7: =Par!B6 -> 0 | C7: מצב 0 | E7: תשלום ראשון הבא
B8: יתרה | C8: =CurrDate -> 0 | D8: ריבית | E8: =DATE(YEAR(C8),MONTH(C8)+1,1) -> 32 | F8: =DATE(YEAR(E8),MONTH(E8)+1,1) -> 61 | G8: =DATE(YEAR(F8),MONTH(F8)+1,1) -> 92 | H8: =DATE(YEAR(G8),MONTH(G8)+1,1) -> 122 | I8: =DATE(YEAR(H8),MONTH(H8)+1,1) -> 153 | J8: =DATE(YEAR(I8),MONTH(I8)+1,1) -> 183 | K8: =DATE(YEAR(J8),MONTH(J8)+1,1) -> 214 | L8: =DATE(YEAR(K8),MONTH(K8)+1,1) -> 245 | M8: =DATE(YEAR(L8),MONTH(L8)+1,1) -> 275 | ... CZ8: =DATE(YEAR(CY8),MONTH(CY8)+1,1) -> 3044
A9: {=IF(ROWS(A$8:A8)>$A$7,"",INDEX(Debts_Name,SMALL(IF(DebtSplit=1,ROW(Debts_Name)-ROW(חובות!$B$10)+1),ROWS(A$8:A8))))} | B9: {=IFERROR(IF(ROWS(A$8:A8)>$A$7,0,INDEX(Debts_Yitra,SMALL(IF(DebtSplit=1,ROW(Debts_Yitra)-ROW(חובות!$I$10)+1),ROWS(A$8:A8))))*1,0)} -> 0 | C9: {=IFERROR(IF(ROWS(A$8:A8)>$A$7,0,INDEX(Debts_Pmt,SMALL(IF(DebtSplit=1,ROW(Debts_Pmt)-ROW(חובות!$H$10)+1),ROWS(A$8:A8))))*1,0)} -> 0 | D9: {=IFERROR(IF(ROWS(B$8:B8)>$A$7,0,INDEX(Debts_Int,SMALL(IF(DebtSplit=1,ROW(Debts_Int)-ROW(חובות!$F$10)+1),ROWS(B$8:B8))))*1,0)} -> 0 | E9: =C9 -> 0 | F9: =IF($B9="","",MIN($B9-SUM(E9:$E9),$C9)) -> 0 | G9: =IF($B9="","",MIN($B9-SUM($E9:F9),$C9)) -> 0 | H9: =IF($B9="","",MIN($B9-SUM($E9:G9),$C9)) -> 0 | I9: =IF($B9="","",MIN($B9-SUM($E9:H9),$C9)) -> 0 | J9: =IF($B9="","",MIN($B9-SUM($E9:I9),$C9)) -> 0 | K9: =IF($B9="","",MIN($B9-SUM($E9:J9),$C9)) -> 0 | L9: =IF($B9="","",MIN($B9-SUM($E9:K9),$C9)) -> 0 | M9: =IF($B9="","",MIN($B9-SUM($E9:L9),$C9)) -> 0 | N9: =IF($B9="","",MIN($B9-SUM($E9:M9),$C9)) -> 0 | ... CZ9: =IF($B9="","",MIN($B9-SUM($E9:CY9),$C9)) -> 0
A10: {=IF(ROWS(A$8:A9)>$A$7,"",INDEX(Debts_Name,SMALL(IF(DebtSplit=1,ROW(Debts_Name)-ROW(חובות!$B$10)+1),ROWS(A$8:A9))))} | B10: {=IFERROR(IF(ROWS(A$8:A9)>$A$7,0,INDEX(Debts_Yitra,SMALL(IF(DebtSplit=1,ROW(Debts_Yitra)-ROW(חובות!$I$10)+1),ROWS(A$8:A9))))*1,0)} -> 0 | C10: {=IFERROR(IF(ROWS(A$8:A9)>$A$7,0,INDEX(Debts_Pmt,SMALL(IF(DebtSplit=1,ROW(Debts_Pmt)-ROW(חובות!$H$10)+1),ROWS(A$8:A9))))*1,0)} -> 0 | D10: {=IFERROR(IF(ROWS(B$8:B9)>$A$7,0,INDEX(Debts_Int,SMALL(IF(DebtSplit=1,ROW(Debts_Int)-ROW(חובות!$F$10)+1),ROWS(B$8:B9))))*1,0)} -> 0 | E10: =C10 -> 0 | F10: =IF($B10="","",MIN($B10-SUM(E10:$E10),$C10)) -> 0 | G10: =IF($B10="","",MIN($B10-SUM($E10:F10),$C10)) -> 0 | H10: =IF($B10="","",MIN($B10-SUM($E10:G10),$C10)) -> 0 | I10: =IF($B10="","",MIN($B10-SUM($E10:H10),$C10)) -> 0 | J10: =IF($B10="","",MIN($B10-SUM($E10:I10),$C10)) -> 0 | K10: =IF($B10="","",MIN($B10-SUM($E10:J10),$C10)) -> 0 | L10: =IF($B10="","",MIN($B10-SUM($E10:K10),$C10)) -> 0 | M10: =IF($B10="","",MIN($B10-SUM($E10:L10),$C10)) -> 0 | N10: =IF($B10="","",MIN($B10-SUM($E10:M10),$C10)) -> 0 | ... CZ10: =IF($B10="","",MIN($B10-SUM($E10:CY10),$C10)) -> 0
A11: {=IF(ROWS(A$8:A10)>$A$7,"",INDEX(Debts_Name,SMALL(IF(DebtSplit=1,ROW(Debts_Name)-ROW(חובות!$B$10)+1),ROWS(A$8:A10))))} | B11: {=IFERROR(IF(ROWS(A$8:A10)>$A$7,0,INDEX(Debts_Yitra,SMALL(IF(DebtSplit=1,ROW(Debts_Yitra)-ROW(חובות!$I$10)+1),ROWS(A$8:A10))))*1,0)} -> 0 | C11: {=IFERROR(IF(ROWS(A$8:A10)>$A$7,0,INDEX(Debts_Pmt,SMALL(IF(DebtSplit=1,ROW(Debts_Pmt)-ROW(חובות!$H$10)+1),ROWS(A$8:A10))))*1,0)} -> 0 | D11: {=IFERROR(IF(ROWS(B$8:B10)>$A$7,0,INDEX(Debts_Int,SMALL(IF(DebtSplit=1,ROW(Debts_Int)-ROW(חובות!$F$10)+1),ROWS(B$8:B10))))*1,0)} -> 0 | E11: =C11 -> 0 | F11: =IF($B11="","",MIN($B11-SUM(E11:$E11),$C11)) -> 0 | G11: =IF($B11="","",MIN($B11-SUM($E11:F11),$C11)) -> 0 | H11: =IF($B11="","",MIN($B11-SUM($E11:G11),$C11)) -> 0 | I11: =IF($B11="","",MIN($B11-SUM($E11:H11),$C11)) -> 0 | J11: =IF($B11="","",MIN($B11-SUM($E11:I11),$C11)) -> 0 | K11: =IF($B11="","",MIN($B11-SUM($E11:J11),$C11)) -> 0 | L11: =IF($B11="","",MIN($B11-SUM($E11:K11),$C11)) -> 0 | M11: =IF($B11="","",MIN($B11-SUM($E11:L11),$C11)) -> 0 | N11: =IF($B11="","",MIN($B11-SUM($E11:M11),$C11)) -> 0 | ... CZ11: =IF($B11="","",MIN($B11-SUM($E11:CY11),$C11)) -> 0
A12: {=IF(ROWS(A$8:A11)>$A$7,"",INDEX(Debts_Name,SMALL(IF(DebtSplit=1,ROW(Debts_Name)-ROW(חובות!$B$10)+1),ROWS(A$8:A11))))} | B12: {=IFERROR(IF(ROWS(A$8:A11)>$A$7,0,INDEX(Debts_Yitra,SMALL(IF(DebtSplit=1,ROW(Debts_Yitra)-ROW(חובות!$I$10)+1),ROWS(A$8:A11))))*1,0)} -> 0 | C12: {=IFERROR(IF(ROWS(A$8:A11)>$A$7,0,INDEX(Debts_Pmt,SMALL(IF(DebtSplit=1,ROW(Debts_Pmt)-ROW(חובות!$H$10)+1),ROWS(A$8:A11))))*1,0)} -> 0 | D12: {=IFERROR(IF(ROWS(B$8:B11)>$A$7,0,INDEX(Debts_Int,SMALL(IF(DebtSplit=1,ROW(Debts_Int)-ROW(חובות!$F$10)+1),ROWS(B$8:B11))))*1,0)} -> 0 | E12: =C12 -> 0 | F12: =IF($B12="","",MIN($B12-SUM(E12:$E12),$C12)) -> 0 | G12: =IF($B12="","",MIN($B12-SUM($E12:F12),$C12)) -> 0 | H12: =IF($B12="","",MIN($B12-SUM($E12:G12),$C12)) -> 0 | I12: =IF($B12="","",MIN($B12-SUM($E12:H12),$C12)) -> 0 | J12: =IF($B12="","",MIN($B12-SUM($E12:I12),$C12)) -> 0 | K12: =IF($B12="","",MIN($B12-SUM($E12:J12),$C12)) -> 0 | L12: =IF($B12="","",MIN($B12-SUM($E12:K12),$C12)) -> 0 | M12: =IF($B12="","",MIN($B12-SUM($E12:L12),$C12)) -> 0 | N12: =IF($B12="","",MIN($B12-SUM($E12:M12),$C12)) -> 0 | ... CZ12: =IF($B12="","",MIN($B12-SUM($E12:CY12),$C12)) -> 0
A13: {=IF(ROWS(A$8:A12)>$A$7,"",INDEX(Debts_Name,SMALL(IF(DebtSplit=1,ROW(Debts_Name)-ROW(חובות!$B$10)+1),ROWS(A$8:A12))))} | B13: {=IFERROR(IF(ROWS(A$8:A12)>$A$7,0,INDEX(Debts_Yitra,SMALL(IF(DebtSplit=1,ROW(Debts_Yitra)-ROW(חובות!$I$10)+1),ROWS(A$8:A12))))*1,0)} -> 0 | C13: {=IFERROR(IF(ROWS(A$8:A12)>$A$7,0,INDEX(Debts_Pmt,SMALL(IF(DebtSplit=1,ROW(Debts_Pmt)-ROW(חובות!$H$10)+1),ROWS(A$8:A12))))*1,0)} -> 0 | D13: {=IFERROR(IF(ROWS(B$8:B12)>$A$7,0,INDEX(Debts_Int,SMALL(IF(DebtSplit=1,ROW(Debts_Int)-ROW(חובות!$F$10)+1),ROWS(B$8:B12))))*1,0)} -> 0 | E13: =C13 -> 0 | F13: =IF($B13="","",MIN($B13-SUM(E13:$E13),$C13)) -> 0 | G13: =IF($B13="","",MIN($B13-SUM($E13:F13),$C13)) -> 0 | H13: =IF($B13="","",MIN($B13-SUM($E13:G13),$C13)) -> 0 | I13: =IF($B13="","",MIN($B13-SUM($E13:H13),$C13)) -> 0 | J13: =IF($B13="","",MIN($B13-SUM($E13:I13),$C13)) -> 0 | K13: =IF($B13="","",MIN($B13-SUM($E13:J13),$C13)) -> 0 | L13: =IF($B13="","",MIN($B13-SUM($E13:K13),$C13)) -> 0 | M13: =IF($B13="","",MIN($B13-SUM($E13:L13),$C13)) -> 0 | N13: =IF($B13="","",MIN($B13-SUM($E13:M13),$C13)) -> 0 | ... CZ13: =IF($B13="","",MIN($B13-SUM($E13:CY13),$C13)) -> 0
A14: {=IF(ROWS(A$8:A13)>$A$7,"",INDEX(Debts_Name,SMALL(IF(DebtSplit=1,ROW(Debts_Name)-ROW(חובות!$B$10)+1),ROWS(A$8:A13))))} | B14: {=IFERROR(IF(ROWS(A$8:A13)>$A$7,0,INDEX(Debts_Yitra,SMALL(IF(DebtSplit=1,ROW(Debts_Yitra)-ROW(חובות!$I$10)+1),ROWS(A$8:A13))))*1,0)} -> 0 | C14: {=IFERROR(IF(ROWS(A$8:A13)>$A$7,0,INDEX(Debts_Pmt,SMALL(IF(DebtSplit=1,ROW(Debts_Pmt)-ROW(חובות!$H$10)+1),ROWS(A$8:A13))))*1,0)} -> 0 | D14: {=IFERROR(IF(ROWS(B$8:B13)>$A$7,0,INDEX(Debts_Int,SMALL(IF(DebtSplit=1,ROW(Debts_Int)-ROW(חובות!$F$10)+1),ROWS(B$8:B13))))*1,0)} -> 0 | E14: =C14 -> 0 | F14: =IF($B14="","",MIN($B14-SUM(E14:$E14),$C14)) -> 0 | G14: =IF($B14="","",MIN($B14-SUM($E14:F14),$C14)) -> 0 | H14: =IF($B14="","",MIN($B14-SUM($E14:G14),$C14)) -> 0 | I14: =IF($B14="","",MIN($B14-SUM($E14:H14),$C14)) -> 0 | J14: =IF($B14="","",MIN($B14-SUM($E14:I14),$C14)) -> 0 | K14: =IF($B14="","",MIN($B14-SUM($E14:J14),$C14)) -> 0 | L14: =IF($B14="","",MIN($B14-SUM($E14:K14),$C14)) -> 0 | M14: =IF($B14="","",MIN($B14-SUM($E14:L14),$C14)) -> 0 | N14: =IF($B14="","",MIN($B14-SUM($E14:M14),$C14)) -> 0 | ... CZ14: =IF($B14="","",MIN($B14-SUM($E14:CY14),$C14)) -> 0
A15: {=IF(ROWS(A$8:A14)>$A$7,"",INDEX(Debts_Name,SMALL(IF(DebtSplit=1,ROW(Debts_Name)-ROW(חובות!$B$10)+1),ROWS(A$8:A14))))} | B15: {=IFERROR(IF(ROWS(A$8:A14)>$A$7,0,INDEX(Debts_Yitra,SMALL(IF(DebtSplit=1,ROW(Debts_Yitra)-ROW(חובות!$I$10)+1),ROWS(A$8:A14))))*1,0)} -> 0 | C15: {=IFERROR(IF(ROWS(A$8:A14)>$A$7,0,INDEX(Debts_Pmt,SMALL(IF(DebtSplit=1,ROW(Debts_Pmt)-ROW(חובות!$H$10)+1),ROWS(A$8:A14))))*1,0)} -> 0 | D15: {=IFERROR(IF(ROWS(B$8:B14)>$A$7,0,INDEX(Debts_Int,SMALL(IF(DebtSplit=1,ROW(Debts_Int)-ROW(חובות!$F$10)+1),ROWS(B$8:B14))))*1,0)} -> 0 | E15: =C15 -> 0 | F15: =IF($B15="","",MIN($B15-SUM(E15:$E15),$C15)) -> 0 | G15: =IF($B15="","",MIN($B15-SUM($E15:F15),$C15)) -> 0 | H15: =IF($B15="","",MIN($B15-SUM($E15:G15),$C15)) -> 0 | I15: =IF($B15="","",MIN($B15-SUM($E15:H15),$C15)) -> 0 | J15: =IF($B15="","",MIN($B15-SUM($E15:I15),$C15)) -> 0 | K15: =IF($B15="","",MIN($B15-SUM($E15:J15),$C15)) -> 0 | L15: =IF($B15="","",MIN($B15-SUM($E15:K15),$C15)) -> 0 | M15: =IF($B15="","",MIN($B15-SUM($E15:L15),$C15)) -> 0 | N15: =IF($B15="","",MIN($B15-SUM($E15:M15),$C15)) -> 0 | ... CZ15: =IF($B15="","",MIN($B15-SUM($E15:CY15),$C15)) -> 0
A16: {=IF(ROWS(A$8:A15)>$A$7,"",INDEX(Debts_Name,SMALL(IF(DebtSplit=1,ROW(Debts_Name)-ROW(חובות!$B$10)+1),ROWS(A$8:A15))))} | B16: {=IFERROR(IF(ROWS(A$8:A15)>$A$7,0,INDEX(Debts_Yitra,SMALL(IF(DebtSplit=1,ROW(Debts_Yitra)-ROW(חובות!$I$10)+1),ROWS(A$8:A15))))*1,0)} -> 0 | C16: {=IFERROR(IF(ROWS(A$8:A15)>$A$7,0,INDEX(Debts_Pmt,SMALL(IF(DebtSplit=1,ROW(Debts_Pmt)-ROW(חובות!$H$10)+1),ROWS(A$8:A15))))*1,0)} -> 0 | D16: {=IFERROR(IF(ROWS(B$8:B15)>$A$7,0,INDEX(Debts_Int,SMALL(IF(DebtSplit=1,ROW(Debts_Int)-ROW(חובות!$F$10)+1),ROWS(B$8:B15))))*1,0)} -> 0 | E16: =C16 -> 0 | F16: =IF($B16="","",MIN($B16-SUM(E16:$E16),$C16)) -> 0 | G16: =IF($B16="","",MIN($B16-SUM($E16:F16),$C16)) -> 0 | H16: =IF($B16="","",MIN($B16-SUM($E16:G16),$C16)) -> 0 | I16: =IF($B16="","",MIN($B16-SUM($E16:H16),$C16)) -> 0 | J16: =IF($B16="","",MIN($B16-SUM($E16:I16),$C16)) -> 0 | K16: =IF($B16="","",MIN($B16-SUM($E16:J16),$C16)) -> 0 | L16: =IF($B16="","",MIN($B16-SUM($E16:K16),$C16)) -> 0 | M16: =IF($B16="","",MIN($B16-SUM($E16:L16),$C16)) -> 0 | N16: =IF($B16="","",MIN($B16-SUM($E16:M16),$C16)) -> 0 | ... CZ16: =IF($B16="","",MIN($B16-SUM($E16:CY16),$C16)) -> 0
A17: {=IF(ROWS(A$8:A16)>$A$7,"",INDEX(Debts_Name,SMALL(IF(DebtSplit=1,ROW(Debts_Name)-ROW(חובות!$B$10)+1),ROWS(A$8:A16))))} | B17: {=IFERROR(IF(ROWS(A$8:A16)>$A$7,0,INDEX(Debts_Yitra,SMALL(IF(DebtSplit=1,ROW(Debts_Yitra)-ROW(חובות!$I$10)+1),ROWS(A$8:A16))))*1,0)} -> 0 | C17: {=IFERROR(IF(ROWS(A$8:A16)>$A$7,0,INDEX(Debts_Pmt,SMALL(IF(DebtSplit=1,ROW(Debts_Pmt)-ROW(חובות!$H$10)+1),ROWS(A$8:A16))))*1,0)} -> 0 | D17: {=IFERROR(IF(ROWS(B$8:B16)>$A$7,0,INDEX(Debts_Int,SMALL(IF(DebtSplit=1,ROW(Debts_Int)-ROW(חובות!$F$10)+1),ROWS(B$8:B16))))*1,0)} -> 0 | E17: =C17 -> 0 | F17: =IF($B17="","",MIN($B17-SUM(E17:$E17),$C17)) -> 0 | G17: =IF($B17="","",MIN($B17-SUM($E17:F17),$C17)) -> 0 | H17: =IF($B17="","",MIN($B17-SUM($E17:G17),$C17)) -> 0 | I17: =IF($B17="","",MIN($B17-SUM($E17:H17),$C17)) -> 0 | J17: =IF($B17="","",MIN($B17-SUM($E17:I17),$C17)) -> 0 | K17: =IF($B17="","",MIN($B17-SUM($E17:J17),$C17)) -> 0 | L17: =IF($B17="","",MIN($B17-SUM($E17:K17),$C17)) -> 0 | M17: =IF($B17="","",MIN($B17-SUM($E17:L17),$C17)) -> 0 | N17: =IF($B17="","",MIN($B17-SUM($E17:M17),$C17)) -> 0 | ... CZ17: =IF($B17="","",MIN($B17-SUM($E17:CY17),$C17)) -> 0
A18: {=IF(ROWS(A$8:A17)>$A$7,"",INDEX(Debts_Name,SMALL(IF(DebtSplit=1,ROW(Debts_Name)-ROW(חובות!$B$10)+1),ROWS(A$8:A17))))} | B18: {=IFERROR(IF(ROWS(A$8:A17)>$A$7,0,INDEX(Debts_Yitra,SMALL(IF(DebtSplit=1,ROW(Debts_Yitra)-ROW(חובות!$I$10)+1),ROWS(A$8:A17))))*1,0)} -> 0 | C18: {=IFERROR(IF(ROWS(A$8:A17)>$A$7,0,INDEX(Debts_Pmt,SMALL(IF(DebtSplit=1,ROW(Debts_Pmt)-ROW(חובות!$H$10)+1),ROWS(A$8:A17))))*1,0)} -> 0 | D18: {=IFERROR(IF(ROWS(B$8:B17)>$A$7,0,INDEX(Debts_Int,SMALL(IF(DebtSplit=1,ROW(Debts_Int)-ROW(חובות!$F$10)+1),ROWS(B$8:B17))))*1,0)} -> 0 | E18: =C18 -> 0 | F18: =IF($B18="","",MIN($B18-SUM(E18:$E18),$C18)) -> 0 | G18: =IF($B18="","",MIN($B18-SUM($E18:F18),$C18)) -> 0 | H18: =IF($B18="","",MIN($B18-SUM($E18:G18),$C18)) -> 0 | I18: =IF($B18="","",MIN($B18-SUM($E18:H18),$C18)) -> 0 | J18: =IF($B18="","",MIN($B18-SUM($E18:I18),$C18)) -> 0 | K18: =IF($B18="","",MIN($B18-SUM($E18:J18),$C18)) -> 0 | L18: =IF($B18="","",MIN($B18-SUM($E18:K18),$C18)) -> 0 | M18: =IF($B18="","",MIN($B18-SUM($E18:L18),$C18)) -> 0 | N18: =IF($B18="","",MIN($B18-SUM($E18:M18),$C18)) -> 0 | ... CZ18: =IF($B18="","",MIN($B18-SUM($E18:CY18),$C18)) -> 0
A19: {=IF(ROWS(A$8:A18)>$A$7,"",INDEX(Debts_Name,SMALL(IF(DebtSplit=1,ROW(Debts_Name)-ROW(חובות!$B$10)+1),ROWS(A$8:A18))))} | B19: {=IFERROR(IF(ROWS(A$8:A18)>$A$7,0,INDEX(Debts_Yitra,SMALL(IF(DebtSplit=1,ROW(Debts_Yitra)-ROW(חובות!$I$10)+1),ROWS(A$8:A18))))*1,0)} -> 0 | C19: {=IFERROR(IF(ROWS(A$8:A18)>$A$7,0,INDEX(Debts_Pmt,SMALL(IF(DebtSplit=1,ROW(Debts_Pmt)-ROW(חובות!$H$10)+1),ROWS(A$8:A18))))*1,0)} -> 0 | D19: {=IFERROR(IF(ROWS(B$8:B18)>$A$7,0,INDEX(Debts_Int,SMALL(IF(DebtSplit=1,ROW(Debts_Int)-ROW(חובות!$F$10)+1),ROWS(B$8:B18))))*1,0)} -> 0 | E19: =C19 -> 0 | F19: =IF($B19="","",MIN($B19-SUM(E19:$E19),$C19)) -> 0 | G19: =IF($B19="","",MIN($B19-SUM($E19:F19),$C19)) -> 0 | H19: =IF($B19="","",MIN($B19-SUM($E19:G19),$C19)) -> 0 | I19: =IF($B19="","",MIN($B19-SUM($E19:H19),$C19)) -> 0 | J19: =IF($B19="","",MIN($B19-SUM($E19:I19),$C19)) -> 0 | K19: =IF($B19="","",MIN($B19-SUM($E19:J19),$C19)) -> 0 | L19: =IF($B19="","",MIN($B19-SUM($E19:K19),$C19)) -> 0 | M19: =IF($B19="","",MIN($B19-SUM($E19:L19),$C19)) -> 0 | N19: =IF($B19="","",MIN($B19-SUM($E19:M19),$C19)) -> 0 | ... CZ19: =IF($B19="","",MIN($B19-SUM($E19:CY19),$C19)) -> 0
A20: {=IF(ROWS(A$8:A19)>$A$7,"",INDEX(Debts_Name,SMALL(IF(DebtSplit=1,ROW(Debts_Name)-ROW(חובות!$B$10)+1),ROWS(A$8:A19))))} | B20: {=IFERROR(IF(ROWS(A$8:A19)>$A$7,0,INDEX(Debts_Yitra,SMALL(IF(DebtSplit=1,ROW(Debts_Yitra)-ROW(חובות!$I$10)+1),ROWS(A$8:A19))))*1,0)} -> 0 | C20: {=IFERROR(IF(ROWS(A$8:A19)>$A$7,0,INDEX(Debts_Pmt,SMALL(IF(DebtSplit=1,ROW(Debts_Pmt)-ROW(חובות!$H$10)+1),ROWS(A$8:A19))))*1,0)} -> 0 | D20: {=IFERROR(IF(ROWS(B$8:B19)>$A$7,0,INDEX(Debts_Int,SMALL(IF(DebtSplit=1,ROW(Debts_Int)-ROW(חובות!$F$10)+1),ROWS(B$8:B19))))*1,0)} -> 0 | E20: =C20 -> 0 | F20: =IF($B20="","",MIN($B20-SUM(E20:$E20),$C20)) -> 0 | G20: =IF($B20="","",MIN($B20-SUM($E20:F20),$C20)) -> 0 | H20: =IF($B20="","",MIN($B20-SUM($E20:G20),$C20)) -> 0 | I20: =IF($B20="","",MIN($B20-SUM($E20:H20),$C20)) -> 0 | J20: =IF($B20="","",MIN($B20-SUM($E20:I20),$C20)) -> 0 | K20: =IF($B20="","",MIN($B20-SUM($E20:J20),$C20)) -> 0 | L20: =IF($B20="","",MIN($B20-SUM($E20:K20),$C20)) -> 0 | M20: =IF($B20="","",MIN($B20-SUM($E20:L20),$C20)) -> 0 | N20: =IF($B20="","",MIN($B20-SUM($E20:M20),$C20)) -> 0 | ... CZ20: =IF($B20="","",MIN($B20-SUM($E20:CY20),$C20)) -> 0
... A41: {=IF(ROWS(A$8:A40)>$A$7,"",INDEX(Debts_Name,SMALL(IF(DebtSplit=1,ROW(Debts_Name)-ROW(חובות!$B$10)+1),ROWS(A$8:A40))))} | B41: {=IFERROR(IF(ROWS(A$8:A40)>$A$7,0,INDEX(Debts_Yitra,SMALL(IF(DebtSplit=1,ROW(Debts_Yitra)-ROW(חובות!$I$10)+1),ROWS(A$8:A40))))*1,0)} -> 0 | C41: {=IFERROR(IF(ROWS(A$8:A40)>$A$7,0,INDEX(Debts_Pmt,SMALL(IF(DebtSplit=1,ROW(Debts_Pmt)-ROW(חובות!$H$10)+1),ROWS(A$8:A40))))*1,0)} -> 0 | D41: {=IFERROR(IF(ROWS(B$8:B40)>$A$7,0,INDEX(Debts_Int,SMALL(IF(DebtSplit=1,ROW(Debts_Int)-ROW(חובות!$F$10)+1),ROWS(B$8:B40))))*1,0)} -> 0 | E41: =C41 -> 0 | F41: =IF($B41="","",MIN($B41-SUM(E41:$E41),$C41)) -> 0 | G41: =IF($B41="","",MIN($B41-SUM($E41:F41),$C41)) -> 0 | H41: =IF($B41="","",MIN($B41-SUM($E41:G41),$C41)) -> 0 | I41: =IF($B41="","",MIN($B41-SUM($E41:H41),$C41)) -> 0 | J41: =IF($B41="","",MIN($B41-SUM($E41:I41),$C41)) -> 0 | K41: =IF($B41="","",MIN($B41-SUM($E41:J41),$C41)) -> 0 | L41: =IF($B41="","",MIN($B41-SUM($E41:K41),$C41)) -> 0 | M41: =IF($B41="","",MIN($B41-SUM($E41:L41),$C41)) -> 0 | N41: =IF($B41="","",MIN($B41-SUM($E41:M41),$C41)) -> 0 | ... CZ41: =IF($B41="","",MIN($B41-SUM($E41:CY41),$C41)) -> 0
A42: סה"כ: | B42: =SUM(B9:B41) -> 0 | C42: =SUM(C9:C41) -> 0 | E42: =SUM(E9:E41) -> 0 | F42: =SUM(F9:F41) -> 0 | G42: =SUM(G9:G41) -> 0 | H42: =SUM(H9:H41) -> 0 | I42: =SUM(I9:I41) -> 0 | J42: =SUM(J9:J41) -> 0 | K42: =SUM(K9:K41) -> 0 | L42: =SUM(L9:L41) -> 0 | ... CZ42: =SUM(CZ9:CZ41) -> 0

Sheet תקציב להבראה
B1: תקציב הבראה למשפחת | C1: =חובות!B3 -> 0
B2: תקציב | C2: נוכחי | D2: מוצע | E2: הערות
B3: הוצאות | C3: =SUM(C8:C138) -> #N/A | D3: =SUM(D8:D138) -> #N/A | G3: שורה שבה נמצאת המילה "הכנסות" | H3: =MATCH("הכנסות",'תקציב וביצוע'!A1:A500,0) -> #N/A
B4: הכנסות | C4: =CurrentIncome -> #N/A | D4: =D165 -> #N/A | G4: שורה שבה מופיעה המילה התחייבויות לראשונה | H4: =MATCH("התחייבויות",'תקציב וביצוע'!A2:A500,0) -> #N/A
B5: הפרש | C5: =C4-C3 -> #N/A | D5: =D4-D3 -> #N/A | G5: מרווח בין התחייבויות לנכסים | H5: =MATCH("נכסים",'תקציב וביצוע'!A2:A500,0)-H4 -> #N/A
B6: החזרי חובות | C6: =C168 -> #N/A | D6: =C6 -> #N/A | G6: שורה שבה נמצאת המילה "סה"כ" פעם שניה | H6: =MATCH("סה""כ",OFFSET('תקציב וביצוע'!A1:A500,H3,0),FALSE) -> #N/A
B7: הפרש כולל החזרי חובות | C7: =C5-C6 -> #N/A | D7: =D5-D6 -> #N/A
B8: =IF(ROW(E8)<$H$3-$H$5-11,OFFSET(G8,IF(ROW(E8)>=$H$4-5,$H$5-2,0),0),0) -> #N/A | C8: =VLOOKUP(B8,$G$8:$I$138,3,FALSE) -> #N/A | D8: =C8 -> #N/A | G8: =OFFSET(J8,K8,0) -> 0 | I8: =IFERROR(VLOOKUP(G8,'תקציב וביצוע'!$A$1:$L$200,2,FALSE),0) -> 0 | J8: ='תקציב וביצוע'!A2 -> 0 | K8: =IF(NOT(ISERROR(MATCH(OFFSET(J8,K7,0),$M$8:$M$26,0))),K7+1,K7) -> 0 | M8: מזון ופארמה
B9: =IF(ROW(E9)<$H$3-$H$5-11,OFFSET(G9,IF(ROW(E9)>=$H$4-5,$H$5-2,0),0),0) -> #N/A | C9: =VLOOKUP(B9,$G$8:$I$138,3,FALSE) -> #N/A | D9: =C9 -> #N/A | G9: =OFFSET(J9,K9,0) -> 0 | I9: =IFERROR(VLOOKUP(G9,'תקציב וביצוע'!$A$1:$L$200,2,FALSE),0) -> 0 | J9: ='תקציב וביצוע'!A3 -> 0 | K9: =IF(NOT(ISERROR(MATCH(OFFSET(J9,K8,0),$M$8:$M$26,0))),K8+1,K8) -> 0 | M9: פנאי, בילוי ותחביבים
B10: =IF(ROW(E10)<$H$3-$H$5-11,OFFSET(G10,IF(ROW(E10)>=$H$4-5,$H$5-2,0),0),0) -> #N/A | C10: =VLOOKUP(B10,$G$8:$I$138,3,FALSE) -> #N/A | D10: =C10 -> #N/A | G10: =OFFSET(J10,K10,0) -> 0 | I10: =IFERROR(VLOOKUP(G10,'תקציב וביצוע'!$A$1:$L$200,2,FALSE),0) -> 0 | J10: ='תקציב וביצוע'!A4 -> 0 | K10: =IF(NOT(ISERROR(MATCH(OFFSET(J10,K9,0),$M$8:$M$26,0))),K9+1,K9) -> 0 | M10: ביגוד והנעלה
B11: =IF(ROW(E11)<$H$3-$H$5-11,OFFSET(G11,IF(ROW(E11)>=$H$4-5,$H$5-2,0),0),0) -> #N/A | C11: =VLOOKUP(B11,$G$8:$I$138,3,FALSE) -> #N/A | D11: =C11 -> #N/A | G11: =OFFSET(J11,K11,0) -> 0 | I11: =IFERROR(VLOOKUP(G11,'תקציב וביצוע'!$A$1:$L$200,2,FALSE),0) -> 0 | J11: ='תקציב וביצוע'!A5 -> 0 | K11: =IF(NOT(ISERROR(MATCH(OFFSET(J11,K10,0),$M$8:$M$26,0))),K10+1,K10) -> 0 | M11: תכולת בית
B12: =IF(ROW(E12)<$H$3-$H$5-11,OFFSET(G12,IF(ROW(E12)>=$H$4-5,$H$5-2,0),0),0) -> #N/A | C12: =VLOOKUP(B12,$G$8:$I$138,3,FALSE) -> #N/A | D12: =C12 -> #N/A | G12: =OFFSET(J12,K12,0) -> 0 | I12: =IFERROR(VLOOKUP(G12,'תקציב וביצוע'!$A$1:$L$200,2,FALSE),0) -> 0 | J12: ='תקציב וביצוע'!A6 -> 0 | K12: =IF(NOT(ISERROR(MATCH(OFFSET(J12,K11,0),$M$8:$M$26,0))),K11+1,K11) -> 0 | M12: אחזקת בית
B13: =IF(ROW(E13)<$H$3-$H$5-11,OFFSET(G13,IF(ROW(E13)>=$H$4-5,$H$5-2,0),0),0) -> #N/A | C13: =VLOOKUP(B13,$G$8:$I$138,3,FALSE) -> #N/A | D13: =C13 -> #N/A | G13: =OFFSET(J13,K13,0) -> 0 | I13: =IFERROR(VLOOKUP(G13,'תקציב וביצוע'!$A$1:$L$200,2,FALSE),0) -> 0 | J13: ='תקציב וביצוע'!A7 -> 0 | K13: =IF(NOT(ISERROR(MATCH(OFFSET(J13,K12,0),$M$8:$M$26,0))),K12+1,K12) -> 0 | M13: טיפוח
B14: =IF(ROW(E14)<$H$3-$H$5-11,OFFSET(G14,IF(ROW(E14)>=$H$4-5,$H$5-2,0),0),0) -> #N/A | C14: =VLOOKUP(B14,$G$8:$I$138,3,FALSE) -> #N/A | D14: =C14 -> #N/A | G14: =OFFSET(J14,K14,0) -> 0 | I14: =IFERROR(VLOOKUP(G14,'תקציב וביצוע'!$A$1:$L$200,2,FALSE),0) -> 0 | J14: ='תקציב וביצוע'!A8 -> 0 | K14: =IF(NOT(ISERROR(MATCH(OFFSET(J14,K13,0),$M$8:$M$26,0))),K13+1,K13) -> 0 | M14: חינוך
B15: =IF(ROW(E15)<$H$3-$H$5-11,OFFSET(G15,IF(ROW(E15)>=$H$4-5,$H$5-2,0),0),0) -> #N/A | C15: =VLOOKUP(B15,$G$8:$I$138,3,FALSE) -> #N/A | D15: =C15 -> #N/A | G15: =OFFSET(J15,K15,0) -> 0 | I15: =IFERROR(VLOOKUP(G15,'תקציב וביצוע'!$A$1:$L$200,2,FALSE),0) -> 0 | J15: ='תקציב וביצוע'!A9 -> 0 | K15: =IF(NOT(ISERROR(MATCH(OFFSET(J15,K14,0),$M$8:$M$26,0))),K14+1,K14) -> 0 | M15: אירועים, תרומות, צרכי דת
B16: =IF(ROW(E16)<$H$3-$H$5-11,OFFSET(G16,IF(ROW(E16)>=$H$4-5,$H$5-2,0),0),0) -> #N/A | C16: =VLOOKUP(B16,$G$8:$I$138,3,FALSE) -> #N/A | D16: =C16 -> #N/A | G16: =OFFSET(J16,K16,0) -> 0 | I16: =IFERROR(VLOOKUP(G16,'תקציב וביצוע'!$A$1:$L$200,2,FALSE),0) -> 0 | J16: ='תקציב וביצוע'!A10 -> 0 | K16: =IF(NOT(ISERROR(MATCH(OFFSET(J16,K15,0),$M$8:$M$26,0))),K15+1,K15) -> 0 | M16: בריאות
B17: =IF(ROW(E17)<$H$3-$H$5-11,OFFSET(G17,IF(ROW(E17)>=$H$4-5,$H$5-2,0),0),0) -> #N/A | C17: =VLOOKUP(B17,$G$8:$I$138,3,FALSE) -> #N/A | D17: =C17 -> #N/A | G17: =OFFSET(J17,K17,0) -> 0 | I17: =IFERROR(VLOOKUP(G17,'תקציב וביצוע'!$A$1:$L$200,2,FALSE),0) -> 0 | J17: ='תקציב וביצוע'!A11 -> 0 | K17: =IF(NOT(ISERROR(MATCH(OFFSET(J17,K16,0),$M$8:$M$26,0))),K16+1,K16) -> 0 | M17: תחבורה
B18: =IF(ROW(E18)<$H$3-$H$5-11,OFFSET(G18,IF(ROW(E18)>=$H$4-5,$H$5-2,0),0),0) -> #N/A | C18: =VLOOKUP(B18,$G$8:$I$138,3,FALSE) -> #N/A | D18: =C18 -> #N/A | G18: =OFFSET(J18,K18,0) -> 0 | I18: =IFERROR(VLOOKUP(G18,'תקציב וביצוע'!$A$1:$L$200,2,FALSE),0) -> 0 | J18: ='תקציב וביצוע'!A12 -> 0 | K18: =IF(NOT(ISERROR(MATCH(OFFSET(J18,K17,0),$M$8:$M$26,0))),K17+1,K17) -> 0 | M18: משפחה
B19: =IF(ROW(E19)<$H$3-$H$5-11,OFFSET(G19,IF(ROW(E19)>=$H$4-5,$H$5-2,0),0),0) -> #N/A | C19: =VLOOKUP(B19,$G$8:$I$138,3,FALSE) -> #N/A | D19: =C19 -> #N/A | G19: =OFFSET(J19,K19,0) -> 0 | I19: =IFERROR(VLOOKUP(G19,'תקציב וביצוע'!$A$1:$L$200,2,FALSE),0) -> 0 | J19: ='תקציב וביצוע'!A13 -> 0 | K19: =IF(NOT(ISERROR(MATCH(OFFSET(J19,K18,0),$M$8:$M$26,0))),K18+1,K18) -> 0 | M19: תקשורת
... B26: =IF(ROW(E26)<$H$3-$H$5-11,OFFSET(G26,IF(ROW(E26)>=$H$4-5,$H$5-2,0),0),0) -> #N/A | C26: =VLOOKUP(B26,$G$8:$I$138,3,FALSE) -> #N/A | D26: =C26 -> #N/A | G26: =OFFSET(J26,K26,0) -> 0 | I26: =IFERROR(VLOOKUP(G26,'תקציב וביצוע'!$A$1:$L$200,2,FALSE),0) -> 0 | J26: ='תקציב וביצוע'!A20 -> 0 | K26: =IF(NOT(ISERROR(MATCH(OFFSET(J26,K25,0),$M$8:$M$26,0))),K25+1,K25) -> 0 | M26: הכנסות שונות
B27: =IF(ROW(E27)<$H$3-$H$5-11,OFFSET(G27,IF(ROW(E27)>=$H$4-5,$H$5-2,0),0),0) -> #N/A | C27: =VLOOKUP(B27,$G$8:$I$138,3,FALSE) -> #N/A | D27: =C27 -> #N/A | G27: =OFFSET(J27,K27,0) -> 0 | I27: =IFERROR(VLOOKUP(G27,'תקציב וביצוע'!$A$1:$L$200,2,FALSE),0) -> 0 | J27: ='תקציב וביצוע'!A21 -> 0 | K27: =IF(NOT(ISERROR(MATCH(OFFSET(J27,K26,0),$M$8:$M$26,0))),K26+1,K26) -> 0
B28: =IF(ROW(E28)<$H$3-$H$5-11,OFFSET(G28,IF(ROW(E28)>=$H$4-5,$H$5-2,0),0),0) -> #N/A | C28: =VLOOKUP(B28,$G$8:$I$138,3,FALSE) -> #N/A | D28: =C28 -> #N/A | G28: =OFFSET(J28,K28,0) -> 0 | I28: =IFERROR(VLOOKUP(G28,'תקציב וביצוע'!$A$1:$L$200,2,FALSE),0) -> 0 | J28: ='תקציב וביצוע'!A22 -> 0 | K28: =IF(NOT(ISERROR(MATCH(OFFSET(J28,K27,0),$M$8:$M$26,0))),K27+1,K27) -> 0
B29: =IF(ROW(E29)<$H$3-$H$5-11,OFFSET(G29,IF(ROW(E29)>=$H$4-5,$H$5-2,0),0),0) -> #N/A | C29: =VLOOKUP(B29,$G$8:$I$138,3,FALSE) -> #N/A | D29: =C29 -> #N/A | G29: =OFFSET(J29,K29,0) -> 0 | I29: =IFERROR(VLOOKUP(G29,'תקציב וביצוע'!$A$1:$L$200,2,FALSE),0) -> 0 | J29: ='תקציב וביצוע'!A23 -> 0 | K29: =IF(NOT(ISERROR(MATCH(OFFSET(J29,K28,0),$M$8:$M$26,0))),K28+1,K28) -> 0
B30: =IF(ROW(E30)<$H$3-$H$5-11,OFFSET(G30,IF(ROW(E30)>=$H$4-5,$H$5-2,0),0),0) -> #N/A | C30: =VLOOKUP(B30,$G$8:$I$138,3,FALSE) -> #N/A | D30: =C30 -> #N/A | G30: =OFFSET(J30,K30,0) -> 0 | I30: =IFERROR(VLOOKUP(G30,'תקציב וביצוע'!$A$1:$L$200,2,FALSE),0) -> 0 | J30: ='תקציב וביצוע'!A24 -> 0 | K30: =IF(NOT(ISERROR(MATCH(OFFSET(J30,K29,0),$M$8:$M$26,0))),K29+1,K29) -> 0
B31: =IF(ROW(E31)<$H$3-$H$5-11,OFFSET(G31,IF(ROW(E31)>=$H$4-5,$H$5-2,0),0),0) -> #N/A | C31: =VLOOKUP(B31,$G$8:$I$138,3,FALSE) -> #N/A | D31: =C31 -> #N/A | G31: =OFFSET(J31,K31,0) -> 0 | I31: =IFERROR(VLOOKUP(G31,'תקציב וביצוע'!$A$1:$L$200,2,FALSE),0) -> 0 | J31: ='תקציב וביצוע'!A25 -> 0 | K31: =IF(NOT(ISERROR(MATCH(OFFSET(J31,K30,0),$M$8:$M$26,0))),K30+1,K30) -> 0
B32: =IF(ROW(E32)<$H$3-$H$5-11,OFFSET(G32,IF(ROW(E32)>=$H$4-5,$H$5-2,0),0),0) -> #N/A | C32: =VLOOKUP(B32,$G$8:$I$138,3,FALSE) -> #N/A | D32: =C32 -> #N/A | G32: =OFFSET(J32,K32,0) -> 0 | I32: =IFERROR(VLOOKUP(G32,'תקציב וביצוע'!$A$1:$L$200,2,FALSE),0) -> 0 | J32: ='תקציב וביצוע'!A26 -> 0 | K32: =IF(NOT(ISERROR(MATCH(OFFSET(J32,K31,0),$M$8:$M$26,0))),K31+1,K31) -> 0
B33: =IF(ROW(E33)<$H$3-$H$5-11,OFFSET(G33,IF(ROW(E33)>=$H$4-5,$H$5-2,0),0),0) -> #N/A | C33: =VLOOKUP(B33,$G$8:$I$138,3,FALSE) -> #N/A | D33: =C33 -> #N/A | G33: =OFFSET(J33,K33,0) -> 0 | I33: =IFERROR(VLOOKUP(G33,'תקציב וביצוע'!$A$1:$L$200,2,FALSE),0) -> 0 | J33: ='תקציב וביצוע'!A27 -> 0 | K33: =IF(NOT(ISERROR(MATCH(OFFSET(J33,K32,0),$M$8:$M$26,0))),K32+1,K32) -> 0
B34: =IF(ROW(E34)<$H$3-$H$5-11,OFFSET(G34,IF(ROW(E34)>=$H$4-5,$H$5-2,0),0),0) -> #N/A | C34: =VLOOKUP(B34,$G$8:$I$138,3,FALSE) -> #N/A | D34: =C34 -> #N/A | G34: =OFFSET(J34,K34,0) -> 0 | I34: =IFERROR(VLOOKUP(G34,'תקציב וביצוע'!$A$1:$L$200,2,FALSE),0) -> 0 | J34: ='תקציב וביצוע'!A28 -> 0 | K34: =IF(NOT(ISERROR(MATCH(OFFSET(J34,K33,0),$M$8:$M$26,0))),K33+1,K33) -> 0
B35: =IF(ROW(E35)<$H$3-$H$5-11,OFFSET(G35,IF(ROW(E35)>=$H$4-5,$H$5-2,0),0),0) -> #N/A | C35: =VLOOKUP(B35,$G$8:$I$138,3,FALSE) -> #N/A | D35: =C35 -> #N/A | G35: =OFFSET(J35,K35,0) -> 0 | I35: =IFERROR(VLOOKUP(G35,'תקציב וביצוע'!$A$1:$L$200,2,FALSE),0) -> 0 | J35: ='תקציב וביצוע'!A29 -> 0 | K35: =IF(NOT(ISERROR(MATCH(OFFSET(J35,K34,0),$M$8:$M$26,0))),K34+1,K34) -> 0
B36: =IF(ROW(E36)<$H$3-$H$5-11,OFFSET(G36,IF(ROW(E36)>=$H$4-5,$H$5-2,0),0),0) -> #N/A | C36: =VLOOKUP(B36,$G$8:$I$138,3,FALSE) -> #N/A | D36: =C36 -> #N/A | G36: =OFFSET(J36,K36,0) -> 0 | I36: =IFERROR(VLOOKUP(G36,'תקציב וביצוע'!$A$1:$L$200,2,FALSE),0) -> 0 | J36: ='תקציב וביצוע'!A30 -> 0 | K36: =IF(NOT(ISERROR(MATCH(OFFSET(J36,K35,0),$M$8:$M$26,0))),K35+1,K35) -> 0
B37: =IF(ROW(E37)<$H$3-$H$5-11,OFFSET(G37,IF(ROW(E37)>=$H$4-5,$H$5-2,0),0),0) -> #N/A | C37: =VLOOKUP(B37,$G$8:$I$138,3,FALSE) -> #N/A | D37: =C37 -> #N/A | G37: =OFFSET(J37,K37,0) -> 0 | I37: =IFERROR(VLOOKUP(G37,'תקציב וביצוע'!$A$1:$L$200,2,FALSE),0) -> 0 | J37: ='תקציב וביצוע'!A31 -> 0 | K37: =IF(NOT(ISERROR(MATCH(OFFSET(J37,K36,0),$M$8:$M$26,0))),K36+1,K36) -> 0
B38: =IF(ROW(E38)<$H$3-$H$5-11,OFFSET(G38,IF(ROW(E38)>=$H$4-5,$H$5-2,0),0),0) -> #N/A | C38: =VLOOKUP(B38,$G$8:$I$138,3,FALSE) -> #N/A | D38: =C38 -> #N/A | G38: =OFFSET(J38,K38,0) -> 0 | I38: =IFERROR(VLOOKUP(G38,'תקציב וביצוע'!$A$1:$L$200,2,FALSE),0) -> 0 | J38: ='תקציב וביצוע'!A32 -> 0 | K38: =IF(NOT(ISERROR(MATCH(OFFSET(J38,K37,0),$M$8:$M$26,0))),K37+1,K37) -> 0
... B138: =IF(ROW(E138)<$H$3-$H$5-11,OFFSET(G138,IF(ROW(E138)>=$H$4-5,$H$5-2,0),0),0) -> #N/A | C138: =VLOOKUP(B138,$G$8:$I$138,3,FALSE) -> #N/A | D138: =C138 -> #N/A | G138: =OFFSET(J138,K138,0) -> 0 | I138: =IFERROR(VLOOKUP(G138,'תקציב וביצוע'!$A$1:$L$200,2,FALSE),0) -> 0 | J138: ='תקציב וביצוע'!A132 -> 0 | K138: =IF(NOT(ISERROR(MATCH(OFFSET(J138,K137,0),$M$8:$M$26,0))),K137+1,K137) -> 0
C139: =SUM(C8:C138) -> #N/A | D139: =SUM(D8:D138) -> #N/A | G139: =OFFSET(J139,K139,0) -> 0 | I139: =IFERROR(VLOOKUP(G139,'תקציב וביצוע'!$A$1:$L$200,2,FALSE),0) -> 0 | J139: ='תקציב וביצוע'!A133 -> 0 | K139: =IF(NOT(ISERROR(MATCH(OFFSET(J139,K138,0),$M$8:$M$26,0))),K138+1,K138) -> 0
A140: ='תקציב וביצוע'!A64 -> 0 | G140: =OFFSET(J140,K140,0) -> 0 | I140: =IFERROR(VLOOKUP(G140,'תקציב וביצוע'!$A$1:$L$200,2,FALSE),0) -> 0 | J140: ='תקציב וביצוע'!A134 -> 0 | K140: =IF(NOT(ISERROR(MATCH(OFFSET(J140,K139,0),$M$8:$M$26,0))),K139+1,K139) -> 0
B141: הכנסות | G141: =OFFSET(J141,K141,0) -> 0 | I141: =IFERROR(VLOOKUP(G141,'תקציב וביצוע'!$A$1:$L$200,2,FALSE),0) -> 0 | J141: ='תקציב וביצוע'!A135 -> 0 | K141: =IF(NOT(ISERROR(MATCH(OFFSET(J141,K140,0),$M$8:$M$26,0))),K140+1,K140) -> 0
B142: =IF(ROW(E142)<156-18+$H$6,OFFSET(G8,MATCH("הכנסות",$G$8:$G$163,FALSE),0),0) -> #N/A | C142: =VLOOKUP(B142,$G$8:$I$164,3,FALSE) -> #N/A | D142: =C142 -> #N/A | G142: =OFFSET(J142,K142,0) -> 0 | I142: =IFERROR(VLOOKUP(G142,'תקציב וביצוע'!$A$1:$L$200,2,FALSE),0) -> 0 | J142: ='תקציב וביצוע'!A136 -> 0 | K142: =IF(NOT(ISERROR(MATCH(OFFSET(J142,K141,0),$M$8:$M$26,0))),K141+1,K141) -> 0
B143: =IF(ROW(E143)<156-18+$H$6,OFFSET(G9,MATCH("הכנסות",$G$8:$G$163,FALSE),0),0) -> #N/A | C143: =VLOOKUP(B143,$G$8:$I$164,3,FALSE) -> #N/A | D143: =C143 -> #N/A | G143: =OFFSET(J143,K143,0) -> 0 | I143: =IFERROR(VLOOKUP(G143,'תקציב וביצוע'!$A$1:$L$200,2,FALSE),0) -> 0 | J143: ='תקציב וביצוע'!A137 -> 0 | K143: =IF(NOT(ISERROR(MATCH(OFFSET(J143,K142,0),$M$8:$M$26,0))),K142+1,K142) -> 0
B144: =IF(ROW(E144)<156-18+$H$6,OFFSET(G10,MATCH("הכנסות",$G$8:$G$163,FALSE),0),0) -> #N/A | C144: =VLOOKUP(B144,$G$8:$I$164,3,FALSE) -> #N/A | D144: =C144 -> #N/A | G144: =OFFSET(J144,K144,0) -> 0 | I144: =IFERROR(VLOOKUP(G144,'תקציב וביצוע'!$A$1:$L$200,2,FALSE),0) -> 0 | J144: ='תקציב וביצוע'!A138 -> 0 | K144: =IF(NOT(ISERROR(MATCH(OFFSET(J144,K143,0),$M$8:$M$26,0))),K143+1,K143) -> 0
B145: =IF(ROW(E145)<156-18+$H$6,OFFSET(G11,MATCH("הכנסות",$G$8:$G$163,FALSE),0),0) -> #N/A | C145: =VLOOKUP(B145,$G$8:$I$164,3,FALSE) -> #N/A | D145: =C145 -> #N/A | G145: =OFFSET(J145,K145,0) -> 0 | I145: =IFERROR(VLOOKUP(G145,'תקציב וביצוע'!$A$1:$L$200,2,FALSE),0) -> 0 | J145: ='תקציב וביצוע'!A139 -> 0 | K145: =IF(NOT(ISERROR(MATCH(OFFSET(J145,K144,0),$M$8:$M$26,0))),K144+1,K144) -> 0
B146: =IF(ROW(E146)<156-18+$H$6,OFFSET(G12,MATCH("הכנסות",$G$8:$G$163,FALSE),0),0) -> #N/A | C146: =VLOOKUP(B146,$G$8:$I$164,3,FALSE) -> #N/A | D146: =C146 -> #N/A | G146: =OFFSET(J146,K146,0) -> 0 | I146: =IFERROR(VLOOKUP(G146,'תקציב וביצוע'!$A$1:$L$200,2,FALSE),0) -> 0 | J146: ='תקציב וביצוע'!A140 -> 0 | K146: =IF(NOT(ISERROR(MATCH(OFFSET(J146,K145,0),$M$8:$M$26,0))),K145+1,K145) -> 0
B147: =IF(ROW(E147)<156-18+$H$6,OFFSET(G13,MATCH("הכנסות",$G$8:$G$163,FALSE),0),0) -> #N/A | C147: =VLOOKUP(B147,$G$8:$I$164,3,FALSE) -> #N/A | D147: =C147 -> #N/A | G147: =OFFSET(J147,K147,0) -> 0 | I147: =IFERROR(VLOOKUP(G147,'תקציב וביצוע'!$A$1:$L$200,2,FALSE),0) -> 0 | J147: ='תקציב וביצוע'!A141 -> 0 | K147: =IF(NOT(ISERROR(MATCH(OFFSET(J147,K146,0),$M$8:$M$26,0))),K146+1,K146) -> 0
B148: =IF(ROW(E148)<156-18+$H$6,OFFSET(G14,MATCH("הכנסות",$G$8:$G$163,FALSE),0),0) -> #N/A | C148: =VLOOKUP(B148,$G$8:$I$164,3,FALSE) -> #N/A | D148: =C148 -> #N/A | G148: =OFFSET(J148,K148,0) -> 0 | I148: =IFERROR(VLOOKUP(G148,'תקציב וביצוע'!$A$1:$L$200,2,FALSE),0) -> 0 | J148: ='תקציב וביצוע'!A142 -> 0 | K148: =IF(NOT(ISERROR(MATCH(OFFSET(J148,K147,0),$M$8:$M$26,0))),K147+1,K147) -> 0
B149: =IF(ROW(E149)<156-18+$H$6,OFFSET(G15,MATCH("הכנסות",$G$8:$G$163,FALSE),0),0) -> #N/A | C149: =VLOOKUP(B149,$G$8:$I$164,3,FALSE) -> #N/A | D149: =C149 -> #N/A | G149: =OFFSET(J149,K149,0) -> 0 | I149: =IFERROR(VLOOKUP(G149,'תקציב וביצוע'!$A$1:$L$200,2,FALSE),0) -> 0 | J149: ='תקציב וביצוע'!A143 -> 0 | K149: =IF(NOT(ISERROR(MATCH(OFFSET(J149,K148,0),$M$8:$M$26,0))),K148+1,K148) -> 0
B150: =IF(ROW(E150)<156-18+$H$6,OFFSET(G16,MATCH("הכנסות",$G$8:$G$163,FALSE),0),0) -> #N/A | C150: =VLOOKUP(B150,$G$8:$I$164,3,FALSE) -> #N/A | D150: =C150 -> #N/A | G150: =OFFSET(J150,K150,0) -> 0 | I150: =IFERROR(VLOOKUP(G150,'תקציב וביצוע'!$A$1:$L$200,2,FALSE),0) -> 0 | J150: ='תקציב וביצוע'!A144 -> 0 | K150: =IF(NOT(ISERROR(MATCH(OFFSET(J150,K149,0),$M$8:$M$26,0))),K149+1,K149) -> 0
B151: =IF(ROW(E151)<156-18+$H$6,OFFSET(G17,MATCH("הכנסות",$G$8:$G$163,FALSE),0),0) -> #N/A | C151: =VLOOKUP(B151,$G$8:$I$164,3,FALSE) -> #N/A | D151: =C151 -> #N/A | G151: =OFFSET(J151,K151,0) -> 0 | I151: =IFERROR(VLOOKUP(G151,'תקציב וביצוע'!$A$1:$L$200,2,FALSE),0) -> 0 | J151: ='תקציב וביצוע'!A145 -> 0 | K151: =IF(NOT(ISERROR(MATCH(OFFSET(J151,K150,0),$M$8:$M$26,0))),K150+1,K150) -> 0
B152: =IF(ROW(E152)<156-18+$H$6,OFFSET(G18,MATCH("הכנסות",$G$8:$G$163,FALSE),0),0) -> #N/A | C152: =VLOOKUP(B152,$G$8:$I$164,3,FALSE) -> #N/A | D152: =C152 -> #N/A | G152: =OFFSET(J152,K152,0) -> 0 | I152: =IFERROR(VLOOKUP(G152,'תקציב וביצוע'!$A$1:$L$200,2,FALSE),0) -> 0 | J152: ='תקציב וביצוע'!A146 -> 0 | K152: =IF(NOT(ISERROR(MATCH(OFFSET(J152,K151,0),$M$8:$M$26,0))),K151+1,K151) -> 0
B153: =IF(ROW(E153)<156-18+$H$6,OFFSET(G19,MATCH("הכנסות",$G$8:$G$163,FALSE),0),0) -> #N/A | C153: =VLOOKUP(B153,$G$8:$I$164,3,FALSE) -> #N/A | D153: =C153 -> #N/A | G153: =OFFSET(J153,K153,0) -> 0 | I153: =IFERROR(VLOOKUP(G153,'תקציב וביצוע'!$A$1:$L$200,2,FALSE),0) -> 0 | J153: ='תקציב וביצוע'!A147 -> 0 | K153: =IF(NOT(ISERROR(MATCH(OFFSET(J153,K152,0),$M$8:$M$26,0))),K152+1,K152) -> 0
... B164: =IF(ROW(E164)<156-18+$H$6,OFFSET(G30,MATCH("הכנסות",$G$8:$G$163,FALSE),0),0) -> #N/A | C164: =VLOOKUP(B164,$G$8:$I$164,3,FALSE) -> #N/A | D164: =C164 -> #N/A | G164: =OFFSET(J164,K164,0) -> 0 | I164: =IFERROR(VLOOKUP(G164,'תקציב וביצוע'!$A$1:$L$200,2,FALSE),0) -> 0 | J164: ='תקציב וביצוע'!A158 -> 0 | K164: =IF(NOT(ISERROR(MATCH(OFFSET(J164,K163,0),$M$8:$M$26,0))),K163+1,K163) -> 0
C165: =SUM(C142:C164) -> #N/A | D165: =SUM(D142:D164) -> #N/A | J165: ='תקציב וביצוע'!A159 -> 0 | K165: =IF(NOT(ISERROR(MATCH(OFFSET(J165,K164,0),$M$8:$M$26,0))),K164+1,K164) -> 0
J166: ='תקציב וביצוע'!A160 -> 0 | K166: =IF(NOT(ISERROR(MATCH(OFFSET(J166,K165,0),$M$8:$M$26,0))),K165+1,K165) -> 0
B167: חובות | J167: ='תקציב וביצוע'!A161 -> 0 | K167: =IF(NOT(ISERROR(MATCH(OFFSET(J167,K166,0),$M$8:$M$26,0))),K166+1,K166) -> 0
B168: התחייבויות | C168: =VLOOKUP("התחייבויות",'תקציב וביצוע'!A1:B500,2,FALSE) -> #N/A | J168: ='תקציב וביצוע'!A162 -> 0 | K168: =IF(NOT(ISERROR(MATCH(OFFSET(J168,K167,0),$M$8:$M$26,0))),K167+1,K167) -> 0
J169: ='תקציב וביצוע'!A163 -> 0 | K169: =IF(NOT(ISERROR(MATCH(OFFSET(J169,K168,0),$M$8:$M$26,0))),K168+1,K168) -> 0
B170: סיכום | C170: נוכחי | D170: מוצע | E170: הפרש | J170: ='תקציב וביצוע'!A164 -> 0 | K170: =IF(NOT(ISERROR(MATCH(OFFSET(J170,K169,0),$M$8:$M$26,0))),K169+1,K169) -> 0
B171: סה"כ הוצאות | C171: =SUM(C8:C138) -> #N/A | D171: =SUM(D8:D138) -> #N/A | E171: =D171-C171 -> #N/A | G171: החזרי חובות | J171: ='תקציב וביצוע'!A165 -> 0 | K171: =IF(NOT(ISERROR(MATCH(OFFSET(J171,K170,0),$M$8:$M$26,0))),K170+1,K170) -> 0
B172: סה"כ הכנסות | C172: =CurrentIncome -> #N/A | D172: =D165 -> #N/A | E172: =D172-C172 -> #N/A | G172: הפרש כולל החזר חובות | J172: ='תקציב וביצוע'!A166 -> 0 | K172: =IF(NOT(ISERROR(MATCH(OFFSET(J172,K171,0),$M$8:$M$26,0))),K171+1,K171) -> 0
B173: הפרש | C173: =C172-C171 -> #N/A | D173: =D172-D171 -> #N/A | E173: =D173-C173 -> #N/A | J173: ='תקציב וביצוע'!A167 -> 0 | K173: =IF(NOT(ISERROR(MATCH(OFFSET(J173,K172,0),$M$8:$M$26,0))),K172+1,K172) -> 0
B174: התחייבויות | C174: =C168 -> #N/A | D174: =C174 -> #N/A | E174: =D174-C174 -> #N/A | J174: ='תקציב וביצוע'!A168 -> 0 | K174: =IF(NOT(ISERROR(MATCH(OFFSET(J174,K173,0),$M$8:$M$26,0))),K173+1,K173) -> 0
B175: הפרש כולל החזר חובות | C175: =C173-C174 -> #N/A | D175: =D173-D174 -> #N/A | E175: =D175-C175 -> #N/A | J175: ='תקציב וביצוע'!A169 -> 0 | K175: =IF(NOT(ISERROR(MATCH(OFFSET(J175,K174,0),$M$8:$M$26,0))),K174+1,K174) -> 0

Sheet תכנון הבראה
A1: ="תכנון הבראה - "&Family -> תכנון הבראה - 0
A2: יש למלא רק את השדות עם הטקסט הכחול
B4: חודש | C4: שנה | U4: תפריט חובות בהסדר | X4: תפריט חובות שלא בהסדר
A5: תחילת תכנית הבראה | B5: =IF(MONTH(CurrDate)=12,1,MONTH(CurrDate)+1) -> 2 | C5: =YEAR(CurrDate) -> 1900 | U5: פעולה | V5: קוד | X5: פעולה | Y5: קוד
U6: ללא שינוי | V6: 0 | X6: ללא שינוי | Y6: 0
A7: שלב 1: תכנון תקציב | U7: פרעון מלא | V7: 1 | X7: פרעון מלא | Y7: 1
C8: תקציב נוכחי | D8: תקציב מוצע | E8: תקציב מוצע 2 | F8: תקציב מוצע 3 | U8: הקפאה | V8: 2 | X8: =U9 -> פריסה מחדש | Y8: =V9 -> 3
B9: הכנסות | C9: =CurrentIncome -> #N/A | D9: ='תקציב להבראה'!D165 -> #N/A | E9: =D9 -> #N/A | F9: =E9 -> #N/A | U9: פריסה מחדש | V9: 3
B10: הוצאות | C10: =CurrentOutgo -> #N/A | D10: ='תקציב להבראה'!D139 -> #N/A | E10: =D10 -> #N/A | F10: =E10 -> #N/A | U10: ויתור חלקי | V10: 4
B11: הפרש | C11: =C9-C10 -> #N/A | D11: =D9-D10 -> #N/A | E11: =E9-E10 -> #N/A | F11: =F9-F10 -> #N/A | U11: ויתור מלא | V11: 5
B12: מחודש | D12: 1 | E12: =D13+1 -> 13 | F12: =E13+1 -> 25
B13: עד חודש | D13: 12 | E13: 24 | F13: 999
A16: שלב 2: כספים זמינים (חסכונות, פדיון פיצויים, מענקי הבראה וכו')
B17: סכום | C17: סכום למשיכה | D17: מועד משיכה | E17: הערות
A18: קרן השתלמות
B19: 0
B20: 0
B21: 0
A22: סה"כ | B22: =SUM(B18:B21) -> 0 | C22: =SUM(C18:C21) -> 0 | F22: סה"כ זמין מיידי | G22: =SUMPRODUCT((D18:D21<=DATE(C5,B5+1,0)+(D18:D21=0))*C18:C21) -> 0
A25: שלב 3: הלוואות זמינות
A26: הלוואה חדשה
B27: סכום | D27: חודשי גרייס | E27: ריבית | F27: מס' חודשים | G27: החזר חודשי | H27: הערות | J27: תשלום בתקופת הגרייס
A28: הלוואה 1 | B28: 0 | G28: =IF(ISERROR(-PMT(E28/12,F28,B28)),0,-PMT(E28/12,F28,B28*IF(I28="מלא",(1+E28/12)^(D28),1))) -> 0
A29: הלוואה 2 | B29: 0 | G29: =IF(ISERROR(-PMT(E29/12,F29,B29)),0,-PMT(E29/12,F29,B29*IF(I29="מלא",(1+E29/12)^(D29),1))) -> 0
A30: הלוואה 3 | B30: 0 | G30: =IF(ISERROR(-PMT(E30/12,F30,B30)),0,-PMT(E30/12,F30,B30*IF(I30="מלא",(1+E30/12)^(D30),1))) -> 0
A31: הלוואה 4 | B31: 0 | G31: =IF(ISERROR(-PMT(E31/12,F31,B31)),0,-PMT(E31/12,F31,B31*IF(I31="מלא",(1+E31/12)^(D31),1))) -> 0
A32: הלוואה 5 | B32: 0 | G32: =IF(ISERROR(-PMT(E32/12,F32,B32)),0,-PMT(E32/12,F32,B32*IF(I32="מלא",(1+E32/12)^(D32),1))) -> 0
A33: הלוואה 6 | B33: 0 | G33: =IF(ISERROR(-PMT(E33/12,F33,B33)),0,-PMT(E33/12,F33,B33*IF(I33="מלא",(1+E33/12)^(D33),1))) -> 0
A34: הלוואה 7 | B34: 0 | G34: =IF(ISERROR(-PMT(E34/12,F34,B34)),0,-PMT(E34/12,F34,B34*IF(I34="מלא",(1+E34/12)^(D34),1))) -> 0
A35: הלוואה 8 | B35: 0 | G35: =IF(ISERROR(-PMT(E35/12,F35,B35)),0,-PMT(E35/12,F35,B35*IF(I35="מלא",(1+E35/12)^(D35),1))) -> 0
A36: הלוואה 9 | B36: 0 | G36: =IF(ISERROR(-PMT(E36/12,F36,B36)),0,-PMT(E36/12,F36,B36*IF(I36="מלא",(1+E36/12)^(D36),1))) -> 0
A37: הלוואה 10 | B37: 0 | G37: =IF(ISERROR(-PMT(E37/12,F37,B37)),0,-PMT(E37/12,F37,B37*IF(I37="מלא",(1+E37/12)^(D37),1))) -> 0
A38: סה"כ | B38: =SUM(B28:B37) -> 0 | F38: סה"כ זמין מיידי | G38: =LoanTotal -> 0
A41: בדיקת ביניים - מבצעים תוך כדי ההחלטה אודות פרעונות בשלב 4 ו-5 | F41: סכום זמין לפרעונות | G41: =G22+G38 -> 0
A42: בודקים אם יש מספיק כסף זמין מחסכונות והלוואות כדי לפרוע את המתוכנן | F42: מתוכנן לפרעון | G42: =SUMPRODUCT(($H$46:$H$78='תכנון הבראה'!U7)*($I$46:$I$78))+H117 -> 0
F43: עודף \ חוסר | G43: =G41-G42 -> 0
A44: שלב 4: טיפול בחובות שבהסדר
A45: טיפול בהלוואות קיימות | B45: יתרה | C45: החזר חודשי | D45: מס' חודשים | E45: ריבית | F45: יחס החזר ליתרה | G45: עדיפות לטיפול | H45: פעולה | I45: סכום פרעון מלא | J45: תקופה בחודשים | K45: חודשי הקפאה | L45: תשלום | M45: סכום וויתור
A46: =IF('פריסת חובות'!A9<>"",'פריסת חובות'!A9,"") | B46: ='פריסת חובות'!B9 -> 0 | C46: ='פריסת חובות'!C9 -> 0 | D46: =IF($A46="","",COUNTIF('פריסת חובות'!E9:CZ9,">0")) | E46: ='פריסת חובות'!D9 -> 0 | F46: =IF($A46="","",C46/B46) | G46: =IF($A46="","",RANK(F46,$F$46:$F$72,0)) | L46: =IF(H46='תכנון הבראה'!$U$9,-PMT(E46/12,J46,B46),0) -> 0
A47: =IF('פריסת חובות'!A10<>"",'פריסת חובות'!A10,"") | B47: ='פריסת חובות'!B10 -> 0 | C47: ='פריסת חובות'!C10 -> 0 | D47: =IF($A47="","",COUNTIF('פריסת חובות'!E10:CZ10,">0")) | E47: ='פריסת חובות'!D10 -> 0 | F47: =IF($A47="","",C47/B47) | G47: =IF($A47="","",RANK(F47,$F$46:$F$72,0)) | L47: =IF(H47='תכנון הבראה'!$U$9,-PMT(E47/12,J47,B47),0) -> 0
A48: =IF('פריסת חובות'!A11<>"",'פריסת חובות'!A11,"") | B48: ='פריסת חובות'!B11 -> 0 | C48: ='פריסת חובות'!C11 -> 0 | D48: =IF($A48="","",COUNTIF('פריסת חובות'!E11:CZ11,">0")) | E48: ='פריסת חובות'!D11 -> 0 | F48: =IF($A48="","",C48/B48) | G48: =IF($A48="","",RANK(F48,$F$46:$F$72,0)) | L48: =IF(H48='תכנון הבראה'!$U$9,-PMT(E48/12,J48,B48),0) -> 0
A49: =IF('פריסת חובות'!A12<>"",'פריסת חובות'!A12,"") | B49: ='פריסת חובות'!B12 -> 0 | C49: ='פריסת חובות'!C12 -> 0 | D49: =IF($A49="","",COUNTIF('פריסת חובות'!E12:CZ12,">0")) | E49: ='פריסת חובות'!D12 -> 0 | F49: =IF($A49="","",C49/B49) | G49: =IF($A49="","",RANK(F49,$F$46:$F$72,0)) | L49: =IF(H49='תכנון הבראה'!$U$9,-PMT(E49/12,J49,B49),0) -> 0
A50: =IF('פריסת חובות'!A13<>"",'פריסת חובות'!A13,"") | B50: ='פריסת חובות'!B13 -> 0 | C50: ='פריסת חובות'!C13 -> 0 | D50: =IF($A50="","",COUNTIF('פריסת חובות'!E13:CZ13,">0")) | E50: ='פריסת חובות'!D13 -> 0 | F50: =IF($A50="","",C50/B50) | G50: =IF($A50="","",RANK(F50,$F$46:$F$72,0)) | L50: =IF(H50='תכנון הבראה'!$U$9,-PMT(E50/12,J50,B50),0) -> 0
A51: =IF('פריסת חובות'!A14<>"",'פריסת חובות'!A14,"") | B51: ='פריסת חובות'!B14 -> 0 | C51: ='פריסת חובות'!C14 -> 0 | D51: =IF($A51="","",COUNTIF('פריסת חובות'!E14:CZ14,">0")) | E51: ='פריסת חובות'!D14 -> 0 | F51: =IF($A51="","",C51/B51) | G51: =IF($A51="","",RANK(F51,$F$46:$F$72,0)) | L51: =IF(H51='תכנון הבראה'!$U$9,-PMT(E51/12,J51,B51),0) -> 0
A52: =IF('פריסת חובות'!A15<>"",'פריסת חובות'!A15,"") | B52: ='פריסת חובות'!B15 -> 0 | C52: ='פריסת חובות'!C15 -> 0 | D52: =IF($A52="","",COUNTIF('פריסת חובות'!E15:CZ15,">0")) | E52: ='פריסת חובות'!D15 -> 0 | F52: =IF($A52="","",C52/B52) | G52: =IF($A52="","",RANK(F52,$F$46:$F$72,0)) | L52: =IF(H52='תכנון הבראה'!$U$9,-PMT(E52/12,J52,B52),0) -> 0
A53: =IF('פריסת חובות'!A16<>"",'פריסת חובות'!A16,"") | B53: ='פריסת חובות'!B16 -> 0 | C53: ='פריסת חובות'!C16 -> 0 | D53: =IF($A53="","",COUNTIF('פריסת חובות'!E16:CZ16,">0")) | E53: ='פריסת חובות'!D16 -> 0 | F53: =IF($A53="","",C53/B53) | G53: =IF($A53="","",RANK(F53,$F$46:$F$72,0)) | L53: =IF(H53='תכנון הבראה'!$U$9,-PMT(E53/12,J53,B53),0) -> 0
A54: =IF('פריסת חובות'!A17<>"",'פריסת חובות'!A17,"") | B54: ='פריסת חובות'!B17 -> 0 | C54: ='פריסת חובות'!C17 -> 0 | D54: =IF($A54="","",COUNTIF('פריסת חובות'!E17:CZ17,">0")) | E54: ='פריסת חובות'!D17 -> 0 | F54: =IF($A54="","",C54/B54) | G54: =IF($A54="","",RANK(F54,$F$46:$F$72,0)) | L54: =IF(H54='תכנון הבראה'!$U$9,-PMT(E54/12,J54,B54),0) -> 0
A55: =IF('פריסת חובות'!A18<>"",'פריסת חובות'!A18,"") | B55: ='פריסת חובות'!B18 -> 0 | C55: ='פריסת חובות'!C18 -> 0 | D55: =IF($A55="","",COUNTIF('פריסת חובות'!E18:CZ18,">0")) | E55: ='פריסת חובות'!D18 -> 0 | F55: =IF($A55="","",C55/B55) | G55: =IF($A55="","",RANK(F55,$F$46:$F$72,0)) | L55: =IF(H55='תכנון הבראה'!$U$9,-PMT(E55/12,J55,B55),0) -> 0
A56: =IF('פריסת חובות'!A19<>"",'פריסת חובות'!A19,"") | B56: ='פריסת חובות'!B19 -> 0 | C56: ='פריסת חובות'!C19 -> 0 | D56: =IF($A56="","",COUNTIF('פריסת חובות'!E19:CZ19,">0")) | E56: ='פריסת חובות'!D19 -> 0 | F56: =IF($A56="","",C56/B56) | G56: =IF($A56="","",RANK(F56,$F$46:$F$72,0)) | L56: =IF(H56='תכנון הבראה'!$U$9,-PMT(E56/12,J56,B56),0) -> 0
A57: =IF('פריסת חובות'!A20<>"",'פריסת חובות'!A20,"") | B57: ='פריסת חובות'!B20 -> 0 | C57: ='פריסת חובות'!C20 -> 0 | D57: =IF($A57="","",COUNTIF('פריסת חובות'!E20:CZ20,">0")) | E57: ='פריסת חובות'!D20 -> 0 | F57: =IF($A57="","",C57/B57) | G57: =IF($A57="","",RANK(F57,$F$46:$F$72,0)) | L57: =IF(H57='תכנון הבראה'!$U$9,-PMT(E57/12,J57,B57),0) -> 0
... A78: =IF('פריסת חובות'!A41<>"",'פריסת חובות'!A41,"") | B78: ='פריסת חובות'!B41 -> 0 | C78: ='פריסת חובות'!C41 -> 0 | D78: =IF($A78="","",COUNTIF('פריסת חובות'!E41:CZ41,">0")) | E78: ='פריסת חובות'!D41 -> 0 | F78: =IF($A78="","",C78/B78) | G78: =IF($A78="","",RANK(F78,$F$46:$F$72,0)) | L78: =IF(H78='תכנון הבראה'!$U$9,-PMT(E78/12,J78,B78),0) -> 0
A79: =IF('פריסת חובות'!A42<>"",'פריסת חובות'!A42,"") -> סה"כ: | B79: =SUM(B46:B78) -> 0 | C79: =SUM(C46:C78) -> 0 | I79: =SUM(I46:I78) -> 0
A81: =Par!B7 -> 0
A82: שלב 5: טיפול בחובות שלא בהסדר
A83: חובות שלא בהסדר | B83: יתרה | C83: סכום לטיפול | D83: תאריך טיפול | G83: פעולה | H83: סכום פרעון מלא | I83: דחיית התחלה בחודשים | J83: תקופה בחודשים | K83: ריבית | L83: תשלום
A84: {=IF(ROWS(A$83:A83)>Par!$B$7,"",INDEX(Debts_Name,SMALL(IF(DebtSplit=2,ROW(Debts_Name)-ROW(חובות!$B$10)+1),ROWS(A$83:A83))))} | B84: {=IF(ROWS(A$83:A83)>Par!$B$7,"",INDEX(Debts_Yitra,SMALL(IF(DebtSplit=2,ROW(Debts_Name)-ROW(חובות!$B$10)+1),ROWS(A$83:A83)))*1)} | L84: =IF(G84='תכנון הבראה'!$U$9,-PMT((1+K84)^(1/12)-1,J84,B84*((1+K84)^(I84/12))),0) -> 0
A85: {=IF(ROWS(A$83:A84)>Par!$B$7,"",INDEX(Debts_Name,SMALL(IF(DebtSplit=2,ROW(Debts_Name)-ROW(חובות!$B$10)+1),ROWS(A$83:A84))))} | B85: {=IF(ROWS(A$83:A84)>Par!$B$7,"",INDEX(Debts_Yitra,SMALL(IF(DebtSplit=2,ROW(Debts_Name)-ROW(חובות!$B$10)+1),ROWS(A$83:A84)))*1)} | L85: =IF(G85='תכנון הבראה'!$U$9,-PMT((1+K85)^(1/12)-1,J85,B85*((1+K85)^(I85/12))),0) -> 0
A86: {=IF(ROWS(A$83:A85)>Par!$B$7,"",INDEX(Debts_Name,SMALL(IF(DebtSplit=2,ROW(Debts_Name)-ROW(חובות!$B$10)+1),ROWS(A$83:A85))))} | B86: {=IF(ROWS(A$83:A85)>Par!$B$7,"",INDEX(Debts_Yitra,SMALL(IF(DebtSplit=2,ROW(Debts_Name)-ROW(חובות!$B$10)+1),ROWS(A$83:A85)))*1)} | L86: =IF(G86='תכנון הבראה'!$U$9,-PMT((1+K86)^(1/12)-1,J86,B86*((1+K86)^(I86/12))),0) -> 0
A87: {=IF(ROWS(A$83:A86)>Par!$B$7,"",INDEX(Debts_Name,SMALL(IF(DebtSplit=2,ROW(Debts_Name)-ROW(חובות!$B$10)+1),ROWS(A$83:A86))))} | B87: {=IF(ROWS(A$83:A86)>Par!$B$7,"",INDEX(Debts_Yitra,SMALL(IF(DebtSplit=2,ROW(Debts_Name)-ROW(חובות!$B$10)+1),ROWS(A$83:A86)))*1)} | L87: =IF(G87='תכנון הבראה'!$U$9,-PMT((1+K87)^(1/12)-1,J87,B87*((1+K87)^(I87/12))),0) -> 0
A88: {=IF(ROWS(A$83:A87)>Par!$B$7,"",INDEX(Debts_Name,SMALL(IF(DebtSplit=2,ROW(Debts_Name)-ROW(חובות!$B$10)+1),ROWS(A$83:A87))))} | B88: {=IF(ROWS(A$83:A87)>Par!$B$7,"",INDEX(Debts_Yitra,SMALL(IF(DebtSplit=2,ROW(Debts_Name)-ROW(חובות!$B$10)+1),ROWS(A$83:A87)))*1)} | L88: =IF(G88='תכנון הבראה'!$U$9,-PMT((1+K88)^(1/12)-1,J88,B88*((1+K88)^(I88/12))),0) -> 0
A89: {=IF(ROWS(A$83:A88)>Par!$B$7,"",INDEX(Debts_Name,SMALL(IF(DebtSplit=2,ROW(Debts_Name)-ROW(חובות!$B$10)+1),ROWS(A$83:A88))))} | B89: {=IF(ROWS(A$83:A88)>Par!$B$7,"",INDEX(Debts_Yitra,SMALL(IF(DebtSplit=2,ROW(Debts_Name)-ROW(חובות!$B$10)+1),ROWS(A$83:A88)))*1)} | L89: =IF(G89='תכנון הבראה'!$U$9,-PMT((1+K89)^(1/12)-1,J89,B89*((1+K89)^(I89/12))),0) -> 0
A90: {=IF(ROWS(A$83:A89)>Par!$B$7,"",INDEX(Debts_Name,SMALL(IF(DebtSplit=2,ROW(Debts_Name)-ROW(חובות!$B$10)+1),ROWS(A$83:A89))))} | B90: {=IF(ROWS(A$83:A89)>Par!$B$7,"",INDEX(Debts_Yitra,SMALL(IF(DebtSplit=2,ROW(Debts_Name)-ROW(חובות!$B$10)+1),ROWS(A$83:A89)))*1)} | L90: =IF(G90='תכנון הבראה'!$U$9,-PMT((1+K90)^(1/12)-1,J90,B90*((1+K90)^(I90/12))),0) -> 0
A91: {=IF(ROWS(A$83:A90)>Par!$B$7,"",INDEX(Debts_Name,SMALL(IF(DebtSplit=2,ROW(Debts_Name)-ROW(חובות!$B$10)+1),ROWS(A$83:A90))))} | B91: {=IF(ROWS(A$83:A90)>Par!$B$7,"",INDEX(Debts_Yitra,SMALL(IF(DebtSplit=2,ROW(Debts_Name)-ROW(חובות!$B$10)+1),ROWS(A$83:A90)))*1)} | L91: =IF(G91='תכנון הבראה'!$U$9,-PMT((1+K91)^(1/12)-1,J91,B91*((1+K91)^(I91/12))),0) -> 0
A92: {=IF(ROWS(A$83:A91)>Par!$B$7,"",INDEX(Debts_Name,SMALL(IF(DebtSplit=2,ROW(Debts_Name)-ROW(חובות!$B$10)+1),ROWS(A$83:A91))))} | B92: {=IF(ROWS(A$83:A91)>Par!$B$7,"",INDEX(Debts_Yitra,SMALL(IF(DebtSplit=2,ROW(Debts_Name)-ROW(חובות!$B$10)+1),ROWS(A$83:A91)))*1)} | L92: =IF(G92='תכנון הבראה'!$U$9,-PMT((1+K92)^(1/12)-1,J92,B92*((1+K92)^(I92/12))),0) -> 0
A93: {=IF(ROWS(A$83:A92)>Par!$B$7,"",INDEX(Debts_Name,SMALL(IF(DebtSplit=2,ROW(Debts_Name)-ROW(חובות!$B$10)+1),ROWS(A$83:A92))))} | B93: {=IF(ROWS(A$83:A92)>Par!$B$7,"",INDEX(Debts_Yitra,SMALL(IF(DebtSplit=2,ROW(Debts_Name)-ROW(חובות!$B$10)+1),ROWS(A$83:A92)))*1)} | L93: =IF(G93='תכנון הבראה'!$U$9,-PMT((1+K93)^(1/12)-1,J93,B93*((1+K93)^(I93/12))),0) -> 0
A94: {=IF(ROWS(A$83:A93)>Par!$B$7,"",INDEX(Debts_Name,SMALL(IF(DebtSplit=2,ROW(Debts_Name)-ROW(חובות!$B$10)+1),ROWS(A$83:A93))))} | B94: {=IF(ROWS(A$83:A93)>Par!$B$7,"",INDEX(Debts_Yitra,SMALL(IF(DebtSplit=2,ROW(Debts_Name)-ROW(חובות!$B$10)+1),ROWS(A$83:A93)))*1)} | L94: =IF(G94='תכנון הבראה'!$U$9,-PMT((1+K94)^(1/12)-1,J94,B94*((1+K94)^(I94/12))),0) -> 0
A95: {=IF(ROWS(A$83:A94)>Par!$B$7,"",INDEX(Debts_Name,SMALL(IF(DebtSplit=2,ROW(Debts_Name)-ROW(חובות!$B$10)+1),ROWS(A$83:A94))))} | B95: {=IF(ROWS(A$83:A94)>Par!$B$7,"",INDEX(Debts_Yitra,SMALL(IF(DebtSplit=2,ROW(Debts_Name)-ROW(חובות!$B$10)+1),ROWS(A$83:A94)))*1)} | L95: =IF(G95='תכנון הבראה'!$U$9,-PMT((1+K95)^(1/12)-1,J95,B95*((1+K95)^(I95/12))),0) -> 0
... A116: {=IF(ROWS(A$83:A115)>Par!$B$7,"",INDEX(Debts_Name,SMALL(IF(DebtSplit=2,ROW(Debts_Name)-ROW(חובות!$B$10)+1),ROWS(A$83:A115))))} | B116: {=IF(ROWS(A$83:A115)>Par!$B$7,"",INDEX(Debts_Yitra,SMALL(IF(DebtSplit=2,ROW(Debts_Name)-ROW(חובות!$B$10)+1),ROWS(A$83:A115)))*1)} | L116: =IF(G116='תכנון הבראה'!$U$9,-PMT((1+K116)^(1/12)-1,J116,B116*((1+K116)^(I116/12))),0) -> 0
A117: סה"כ | B117: =SUM(B84:B116) -> 0 | H117: =SUMIF(G84:G116,'תכנון הבראה'!$X$7,H84:H116) -> 0

Sheet סיכום ויזואלי
A1: ="סיכום תכנית הבראה "&חובות!B3 -> סיכום תכנית הבראה
A3: סטטיסטיקות ותרשימים
C4: חודשים | D4: שנים | F4: סכום זמין לפרעון חובות מיידית (מגיע מחסכונות והלוואות חדשות) | I4: ='תכנון הבראה'!G41 -> 0
A5: זמן עד לסיום חובות שבהסדר כולל שימוש בעודפים | C5: =SUMPRODUCT(('סיכום תוצאות'!E157:CZ157>0)*1) -> #N/A | D5: =C5/12 -> #N/A | F5: סך החובות שייפרעו מיידית | I5: =PeraonTotal -> 0
A6: זמן עד לסיום חובות שלא בהסדר כולל שימוש בעודפים | C6: =IF( 'סיכום תוצאות'!CZ156 > 0, -1, SUMPRODUCT(('סיכום תוצאות'!E156:CZ156>0)*1)) -> #N/A | D6: =IF(C6<0, "יותר מ 10", C6/12) -> #N/A | F6: עודפי חסכונות והלוואות על פרעונות בחודש הראשון | I6: =I4-I5 -> 0
A7: זמן עד לסיום מלוא החובות כולל שימוש בעודפים | C7: =IF(C6=-1, C6, MAX(C5:C6)) -> #N/A | D7: =IF(C7<0, "יותר מ 10", C7/12) -> #N/A | F7: חוסר תזרימי מצטבר בתחילת ההבראה (הלוואה אפשרית מפעמונים) | I7: =-MIN('סיכום תוצאות'!E159:CZ159) -> #N/A
F8: עודפי מצטבר בתחילת הבראה (יכולת החזר חודשי גבוהה יותר) | I8: =IFERROR(INDEX('סיכום תוצאות'!E160:CZ160, 1, C7),'סיכום תוצאות'!CZ160) -> #N/A
F9: חובות שלא בהסדר בחודש הראשון | I9: ='סיכום תוצאות'!D156 -> 0

Sheet סיכום תוצאות
A1: ="סיכום תכנית הבראה "&חובות!B3 -> סיכום תכנית הבראה
E2: 1 | F2: 2 | G2: 3 | H2: 4 | I2: 5 | J2: 6 | K2: 7 | L2: 8 | M2: 9 | N2: 10 | O2: 11 | P2: 12 | Q2: 13 | R2: 14 | S2: 15 | T2: 16 | U2: 17 | V2: 18 | W2: 19 | X2: 20 | Y2: 21 | Z2: 22 | AA2: 23 | AB2: 24 | AC2: 25 | AD2: 26 | AE2: 27 | AF2: 28 | AG2: 29 | AH2: 30 | AI2: 31 | AJ2: 32 | AK2: 33 | AL2: 34 | AM2: 35 | AN2: 36 | AO2: 37 | AP2: 38 | AQ2: 39 | AR2: 40 | AS2: 41 | AT2: 42 | AU2: 43 | AV2: 44 | AW2: 45 | AX2: 46 | AY2: 47 | AZ2: 48 | BA2: 49 | BB2: 50 | BC2: 51 | BD2: 52 | BE2: 53 | BF2: 54 | BG2: 55 | BH2: 56 | BI2: 57 | BJ2: 58 | BK2: 59 | BL2: 60 | BM2: 61 | BN2: 62 | BO2: 63 | BP2: 64 | BQ2: 65 | BR2: 66 | BS2: 67 | BT2: 68 | BU2: 69 | BV2: 70 | BW2: 71 | BX2: 72 | BY2: 73 | BZ2: 74 | CA2: 75 | CB2: 76 | CC2: 77 | CD2: 78 | CE2: 79 | CF2: 80 | CG2: 81 | CH2: 82 | CI2: 83 | CJ2: 84 | CK2: 85 | CL2: 86 | CM2: 87 | CN2: 88 | CO2: 89 | CP2: 90 | CQ2: 91 | CR2: 92 | CS2: 93 | CT2: 94 | CU2: 95 | CV2: 96 | CW2: 97 | CX2: 98 | CY2: 99 | CZ2: 100
A3: ניתוח התזרים החודשי
A5: חודש | E5: ='פריסת חובות'!E8 -> 32 | F5: ='פריסת חובות'!F8 -> 61 | G5: ='פריסת חובות'!G8 -> 92 | H5: ='פריסת חובות'!H8 -> 122 | I5: ='פריסת חובות'!I8 -> 153 | J5: ='פריסת חובות'!J8 -> 183 | K5: ='פריסת חובות'!K8 -> 214 | L5: ='פריסת חובות'!L8 -> 245 | ... CZ5: ='פריסת חובות'!CZ8 -> 3044
A6: מצב נוכחי
A7: הכנסות | E7: =CurrentIncome -> #N/A | F7: =CurrentIncome -> #N/A | G7: =CurrentIncome -> #N/A | H7: =CurrentIncome -> #N/A | I7: =CurrentIncome -> #N/A | J7: =CurrentIncome -> #N/A | K7: =CurrentIncome -> #N/A | L7: =CurrentIncome -> #N/A | ... CZ7: =CurrentIncome -> #N/A
A8: הוצאות | E8: =CurrentOutgo -> #N/A | F8: =CurrentOutgo -> #N/A | G8: =CurrentOutgo -> #N/A | H8: =CurrentOutgo -> #N/A | I8: =CurrentOutgo -> #N/A | J8: =CurrentOutgo -> #N/A | K8: =CurrentOutgo -> #N/A | L8: =CurrentOutgo -> #N/A | ... CZ8: =CurrentOutgo -> #N/A
A9: סכום פנוי להחזר חובות | E9: =E7-E8 -> #N/A | F9: =F7-F8 -> #N/A | G9: =G7-G8 -> #N/A | H9: =H7-H8 -> #N/A | I9: =I7-I8 -> #N/A | J9: =J7-J8 -> #N/A | K9: =K7-K8 -> #N/A | L9: =L7-L8 -> #N/A | ... CZ9: =CZ7-CZ8 -> #N/A
A10: החזר | E10: ='פריסת חובות'!E42 -> 0 | F10: ='פריסת חובות'!F42 -> 0 | G10: ='פריסת חובות'!G42 -> 0 | H10: ='פריסת חובות'!H42 -> 0 | I10: ='פריסת חובות'!I42 -> 0 | J10: ='פריסת חובות'!J42 -> 0 | K10: ='פריסת חובות'!K42 -> 0 | L10: ='פריסת חובות'!L42 -> 0 | ... CZ10: ='פריסת חובות'!CZ42 -> 0
A11: הכנסות פחות הוצאות והחזר חובות לפני הבראה | E11: =+E9-E10 -> #N/A | F11: =+F9-F10 -> #N/A | G11: =+G9-G10 -> #N/A | H11: =+H9-H10 -> #N/A | I11: =+I9-I10 -> #N/A | J11: =+J9-J10 -> #N/A | K11: =+K9-K10 -> #N/A | L11: =+L9-L10 -> #N/A | ... CZ11: =+CZ9-CZ10 -> #N/A
A13: מצב חדש
A14: הכנסות | E14: =INDEX('תכנון הבראה'!$D$9:$F$9,1,MATCH(E$17,'תכנון הבראה'!$D$12:$F$12,1)) -> #N/A | F14: =INDEX('תכנון הבראה'!$D$9:$F$9,1,MATCH(F$17,'תכנון הבראה'!$D$12:$F$12,1)) -> #N/A | G14: =INDEX('תכנון הבראה'!$D$9:$F$9,1,MATCH(G$17,'תכנון הבראה'!$D$12:$F$12,1)) -> #N/A | H14: =INDEX('תכנון הבראה'!$D$9:$F$9,1,MATCH(H$17,'תכנון הבראה'!$D$12:$F$12,1)) -> #N/A | I14: =INDEX('תכנון הבראה'!$D$9:$F$9,1,MATCH(I$17,'תכנון הבראה'!$D$12:$F$12,1)) -> #N/A | J14: =INDEX('תכנון הבראה'!$D$9:$F$9,1,MATCH(J$17,'תכנון הבראה'!$D$12:$F$12,1)) -> #N/A | K14: =INDEX('תכנון הבראה'!$D$9:$F$9,1,MATCH(K$17,'תכנון הבראה'!$D$12:$F$12,1)) -> #N/A | L14: =INDEX('תכנון הבראה'!$D$9:$F$9,1,MATCH(L$17,'תכנון הבראה'!$D$12:$F$12,1)) -> #N/A | ... CZ14: =INDEX('תכנון הבראה'!$D$9:$F$9,1,MATCH(CZ$17,'תכנון הבראה'!$D$12:$F$12,1)) -> #N/A
A15: הוצאות | E15: =INDEX('תכנון הבראה'!$D$10:$F$10,1,MATCH(E$17,'תכנון הבראה'!$D$12:$F$12,1)) -> #N/A | F15: =INDEX('תכנון הבראה'!$D$10:$F$10,1,MATCH(F$17,'תכנון הבראה'!$D$12:$F$12,1)) -> #N/A | G15: =INDEX('תכנון הבראה'!$D$10:$F$10,1,MATCH(G$17,'תכנון הבראה'!$D$12:$F$12,1)) -> #N/A | H15: =INDEX('תכנון הבראה'!$D$10:$F$10,1,MATCH(H$17,'תכנון הבראה'!$D$12:$F$12,1)) -> #N/A | I15: =INDEX('תכנון הבראה'!$D$10:$F$10,1,MATCH(I$17,'תכנון הבראה'!$D$12:$F$12,1)) -> #N/A | J15: =INDEX('תכנון הבראה'!$D$10:$F$10,1,MATCH(J$17,'תכנון הבראה'!$D$12:$F$12,1)) -> #N/A | K15: =INDEX('תכנון הבראה'!$D$10:$F$10,1,MATCH(K$17,'תכנון הבראה'!$D$12:$F$12,1)) -> #N/A | L15: =INDEX('תכנון הבראה'!$D$10:$F$10,1,MATCH(L$17,'תכנון הבראה'!$D$12:$F$12,1)) -> #N/A | ... CZ15: =INDEX('תכנון הבראה'!$D$10:$F$10,1,MATCH(CZ$17,'תכנון הבראה'!$D$12:$F$12,1)) -> #N/A
A16: סכום פנוי להחזר חובות | E16: =E14-E15 -> #N/A | F16: =F14-F15 -> #N/A | G16: =G14-G15 -> #N/A | H16: =H14-H15 -> #N/A | I16: =I14-I15 -> #N/A | J16: =J14-J15 -> #N/A | K16: =K14-K15 -> #N/A | L16: =L14-L15 -> #N/A | ... CZ16: =CZ14-CZ15 -> #N/A
A17: הלוואות בהסדר אחרי הטמעת תכנית ההבראה | E17: 1 | F17: =E17+1 -> 2 | G17: =F17+1 -> 3 | H17: =G17+1 -> 4 | I17: =H17+1 -> 5 | J17: =I17+1 -> 6 | K17: =J17+1 -> 7 | L17: =K17+1 -> 8 | M17: =L17+1 -> 9 | ... CZ17: =CY17+1 -> 100
A18: ='תכנון הבראה'!A46 | B18: ='תכנון הבראה'!H46 -> 0 | C18: =IF(ISERROR(VLOOKUP(B18,LoanOptions,2,0)),0,VLOOKUP(B18,LoanOptions,2,0)) -> 0 | E18: =IF($A18="",0,($C18=0)*'פריסת חובות'!E9 +($C18=1)*0+ ($C18=2)*IF(E$17<='תכנון הבראה'!$K46,0,OFFSET('פריסת חובות'!E9,0,-'תכנון הבראה'!$K46))*(1+'תכנון הבראה'!$E46)^('תכנון הבראה'!$K46/12)+ ($C18=3)*'תכנון הבראה'!$L46*(E$17<='תכנון הבראה'!$J46))+ IF($C18=4,(1-'תכנון הבראה'!$M46/'תכנון הבראה'!$B46)*'תכנון הבראה'!$C46,0)*(E$17<='תכנון הבראה'!$D46) -> 0 | F18: =IF($A18="",0,($C18=0)*'פריסת חובות'!F9 +($C18=1)*0+ ($C18=2)*IF(F$17<='תכנון הבראה'!$K46,0,OFFSET('פריסת חובות'!F9,0,-'תכנון הבראה'!$K46))*(1+'תכנון הבראה'!$E46)^('תכנון הבראה'!$K46/12)+ ($C18=3)*'תכנון הבראה'!$L46*(F$17<='תכנון הבראה'!$J46))+ IF($C18=4,(1-'תכנון הבראה'!$M46/'תכנון הבראה'!$B46)*'תכנון הבראה'!$C46,0)*(F$17<='תכנון הבראה'!$D46) -> 0 | G18: =IF($A18="",0,($C18=0)*'פריסת חובות'!G9 +($C18=1)*0+ ($C18=2)*IF(G$17<='תכנון הבראה'!$K46,0,OFFSET('פריסת חובות'!G9,0,-'תכנון הבראה'!$K46))*(1+'תכנון הבראה'!$E46)^('תכנון הבראה'!$K46/12)+ ($C18=3)*'תכנון הבראה'!$L46*(G$17<='תכנון הבראה'!$J46))+ IF($C18=4,(1-'תכנון הבראה'!$M46/'תכנון הבראה'!$B46)*'תכנון הבראה'!$C46,0)*(G$17<='תכנון הבראה'!$D46) -> 0 | H18: =IF($A18="",0,($C18=0)*'פריסת חובות'!H9 +($C18=1)*0+ ($C18=2)*IF(H$17<='תכנון הבראה'!$K46,0,OFFSET('פריסת חובות'!H9,0,-'תכנון הבראה'!$K46))*(1+'תכנון הבראה'!$E46)^('תכנון הבראה'!$K46/12)+ ($C18=3)*'תכנון הבראה'!$L46*(H$17<='תכנון הבראה'!$J46))+ IF($C18=4,(1-'תכנון הבראה'!$M46/'תכנון הבראה'!$B46)*'תכנון הבראה'!$C46,0)*(H$17<='תכנון הבראה'!$D46) -> 0 | I18: =IF($A18="",0,($C18=0)*'פריסת חובות'!I9 +($C18=1)*0+ ($C18=2)*IF(I$17<='תכנון הבראה'!$K46,0,OFFSET('פריסת חובות'!I9,0,-'תכנון הבראה'!$K46))*(1+'תכנון הבראה'!$E46)^('תכנון הבראה'!$K46/12)+ ($C18=3)*'תכנון הבראה'!$L46*(I$17<='תכנון הבראה'!$J46))+ IF($C18=4,(1-'תכנון הבראה'!$M46/'תכנון הבראה'!$B46)*'תכנון הבראה'!$C46,0)*(I$17<='תכנון הבראה'!$D46) -> 0 | J18: =IF($A18="",0,($C18=0)*'פריסת חובות'!J9 +($C18=1)*0+ ($C18=2)*IF(J$17<='תכנון הבראה'!$K46,0,OFFSET('פריסת חובות'!J9,0,-'תכנון הבראה'!$K46))*(1+'תכנון הבראה'!$E46)^('תכנון הבראה'!$K46/12)+ ($C18=3)*'תכנון הבראה'!$L46*(J$17<='תכנון הבראה'!$J46))+ IF($C18=4,(1-'תכנון הבראה'!$M46/'תכנון הבראה'!$B46)*'תכנון הבראה'!$C46,0)*(J$17<='תכנון הבראה'!$D46) -> 0 | K18: =IF($A18="",0,($C18=0)*'פריסת חובות'!K9 +($C18=1)*0+ ($C18=2)*IF(K$17<='תכנון הבראה'!$K46,0,OFFSET('פריסת חובות'!K9,0,-'תכנון הבראה'!$K46))*(1+'תכנון הבראה'!$E46)^('תכנון הבראה'!$K46/12)+ ($C18=3)*'תכנון הבראה'!$L46*(K$17<='תכנון הבראה'!$J46))+ IF($C18=4,(1-'תכנון הבראה'!$M46/'תכנון הבראה'!$B46)*'תכנון הבראה'!$C46,0)*(K$17<='תכנון הבראה'!$D46) -> 0 | L18: =IF($A18="",0,($C18=0)*'פריסת חובות'!L9 +($C18=1)*0+ ($C18=2)*IF(L$17<='תכנון הבראה'!$K46,0,OFFSET('פריסת חובות'!L9,0,-'תכנון הבראה'!$K46))*(1+'תכנון הבראה'!$E46)^('תכנון הבראה'!$K46/12)+ ($C18=3)*'תכנון הבראה'!$L46*(L$17<='תכנון הבראה'!$J46))+ IF($C18=4,(1-'תכנון הבראה'!$M46/'תכנון הבראה'!$B46)*'תכנון הבראה'!$C46,0)*(L$17<='תכנון הבראה'!$D46) -> 0 | ... CZ18: =IF($A18="",0,($C18=0)*'פריסת חובות'!CZ9 +($C18=1)*0+ ($C18=2)*IF(CZ$17<='תכנון הבראה'!$K46,0,OFFSET('פריסת חובות'!CZ9,0,-'תכנון הבראה'!$K46))*(1+'תכנון הבראה'!$E46)^('תכנון הבראה'!$K46/12)+ ($C18=3)*'תכנון הבראה'!$L46*(CZ$17<='תכנון הבראה'!$J46))+ IF($C18=4,(1-'תכנון הבראה'!$M46/'תכנון הבראה'!$B46)*'תכנון הבראה'!$C46,0)*(CZ$17<='תכנון הבראה'!$D46) -> 0
A19: ='תכנון הבראה'!A47 | B19: ='תכנון הבראה'!H47 -> 0 | C19: =IF(ISERROR(VLOOKUP(B19,LoanOptions,2,0)),0,VLOOKUP(B19,LoanOptions,2,0)) -> 0 | E19: =IF($A19="",0,($C19=0)*'פריסת חובות'!E10 +($C19=1)*0+ ($C19=2)*IF(E$17<='תכנון הבראה'!$K47,0,OFFSET('פריסת חובות'!E10,0,-'תכנון הבראה'!$K47))*(1+'תכנון הבראה'!$E47)^('תכנון הבראה'!$K47/12)+ ($C19=3)*'תכנון הבראה'!$L47*(E$17<='תכנון הבראה'!$J47))+ IF($C19=4,(1-'תכנון הבראה'!$M47/'תכנון הבראה'!$B47)*'תכנון הבראה'!$C47,0)*(E$17<='תכנון הבראה'!$D47) -> 0 | F19: =IF($A19="",0,($C19=0)*'פריסת חובות'!F10 +($C19=1)*0+ ($C19=2)*IF(F$17<='תכנון הבראה'!$K47,0,OFFSET('פריסת חובות'!F10,0,-'תכנון הבראה'!$K47))*(1+'תכנון הבראה'!$E47)^('תכנון הבראה'!$K47/12)+ ($C19=3)*'תכנון הבראה'!$L47*(F$17<='תכנון הבראה'!$J47))+ IF($C19=4,(1-'תכנון הבראה'!$M47/'תכנון הבראה'!$B47)*'תכנון הבראה'!$C47,0)*(F$17<='תכנון הבראה'!$D47) -> 0 | G19: =IF($A19="",0,($C19=0)*'פריסת חובות'!G10 +($C19=1)*0+ ($C19=2)*IF(G$17<='תכנון הבראה'!$K47,0,OFFSET('פריסת חובות'!G10,0,-'תכנון הבראה'!$K47))*(1+'תכנון הבראה'!$E47)^('תכנון הבראה'!$K47/12)+ ($C19=3)*'תכנון הבראה'!$L47*(G$17<='תכנון הבראה'!$J47))+ IF($C19=4,(1-'תכנון הבראה'!$M47/'תכנון הבראה'!$B47)*'תכנון הבראה'!$C47,0)*(G$17<='תכנון הבראה'!$D47) -> 0 | H19: =IF($A19="",0,($C19=0)*'פריסת חובות'!H10 +($C19=1)*0+ ($C19=2)*IF(H$17<='תכנון הבראה'!$K47,0,OFFSET('פריסת חובות'!H10,0,-'תכנון הבראה'!$K47))*(1+'תכנון הבראה'!$E47)^('תכנון הבראה'!$K47/12)+ ($C19=3)*'תכנון הבראה'!$L47*(H$17<='תכנון הבראה'!$J47))+ IF($C19=4,(1-'תכנון הבראה'!$M47/'תכנון הבראה'!$B47)*'תכנון הבראה'!$C47,0)*(H$17<='תכנון הבראה'!$D47) -> 0 | I19: =IF($A19="",0,($C19=0)*'פריסת חובות'!I10 +($C19=1)*0+ ($C19=2)*IF(I$17<='תכנון הבראה'!$K47,0,OFFSET('פריסת חובות'!I10,0,-'תכנון הבראה'!$K47))*(1+'תכנון הבראה'!$E47)^('תכנון הבראה'!$K47/12)+ ($C19=3)*'תכנון הבראה'!$L47*(I$17<='תכנון הבראה'!$J47))+ IF($C19=4,(1-'תכנון הבראה'!$M47/'תכנון הבראה'!$B47)*'תכנון הבראה'!$C47,0)*(I$17<='תכנון הבראה'!$D47) -> 0 | J19: =IF($A19="",0,($C19=0)*'פריסת חובות'!J10 +($C19=1)*0+ ($C19=2)*IF(J$17<='תכנון הבראה'!$K47,0,OFFSET('פריסת חובות'!J10,0,-'תכנון הבראה'!$K47))*(1+'תכנון הבראה'!$E47)^('תכנון הבראה'!$K47/12)+ ($C19=3)*'תכנון הבראה'!$L47*(J$17<='תכנון הבראה'!$J47))+ IF($C19=4,(1-'תכנון הבראה'!$M47/'תכנון הבראה'!$B47)*'תכנון הבראה'!$C47,0)*(J$17<='תכנון הבראה'!$D47) -> 0 | K19: =IF($A19="",0,($C19=0)*'פריסת חובות'!K10 +($C19=1)*0+ ($C19=2)*IF(K$17<='תכנון הבראה'!$K47,0,OFFSET('פריסת חובות'!K10,0,-'תכנון הבראה'!$K47))*(1+'תכנון הבראה'!$E47)^('תכנון הבראה'!$K47/12)+ ($C19=3)*'תכנון הבראה'!$L47*(K$17<='תכנון הבראה'!$J47))+ IF($C19=4,(1-'תכנון הבראה'!$M47/'תכנון הבראה'!$B47)*'תכנון הבראה'!$C47,0)*(K$17<='תכנון הבראה'!$D47) -> 0 | L19: =IF($A19="",0,($C19=0)*'פריסת חובות'!L10 +($C19=1)*0+ ($C19=2)*IF(L$17<='תכנון הבראה'!$K47,0,OFFSET('פריסת חובות'!L10,0,-'תכנון הבראה'!$K47))*(1+'תכנון הבראה'!$E47)^('תכנון הבראה'!$K47/12)+ ($C19=3)*'תכנון הבראה'!$L47*(L$17<='תכנון הבראה'!$J47))+ IF($C19=4,(1-'תכנון הבראה'!$M47/'תכנון הבראה'!$B47)*'תכנון הבראה'!$C47,0)*(L$17<='תכנון הבראה'!$D47) -> 0 | ... CZ19: =IF($A19="",0,($C19=0)*'פריסת חובות'!CZ10 +($C19=1)*0+ ($C19=2)*IF(CZ$17<='תכנון הבראה'!$K47,0,OFFSET('פריסת חובות'!CZ10,0,-'תכנון הבראה'!$K47))*(1+'תכנון הבראה'!$E47)^('תכנון הבראה'!$K47/12)+ ($C19=3)*'תכנון הבראה'!$L47*(CZ$17<='תכנון הבראה'!$J47))+ IF($C19=4,(1-'תכנון הבראה'!$M47/'תכנון הבראה'!$B47)*'תכנון הבראה'!$C47,0)*(CZ$17<='תכנון הבראה'!$D47) -> 0
A20: ='תכנון הבראה'!A48 | B20: ='תכנון הבראה'!H48 -> 0 | C20: =IF(ISERROR(VLOOKUP(B20,LoanOptions,2,0)),0,VLOOKUP(B20,LoanOptions,2,0)) -> 0 | E20: =IF($A20="",0,($C20=0)*'פריסת חובות'!E11 +($C20=1)*0+ ($C20=2)*IF(E$17<='תכנון הבראה'!$K48,0,OFFSET('פריסת חובות'!E11,0,-'תכנון הבראה'!$K48))*(1+'תכנון הבראה'!$E48)^('תכנון הבראה'!$K48/12)+ ($C20=3)*'תכנון הבראה'!$L48*(E$17<='תכנון הבראה'!$J48))+ IF($C20=4,(1-'תכנון הבראה'!$M48/'תכנון הבראה'!$B48)*'תכנון הבראה'!$C48,0)*(E$17<='תכנון הבראה'!$D48) -> 0 | F20: =IF($A20="",0,($C20=0)*'פריסת חובות'!F11 +($C20=1)*0+ ($C20=2)*IF(F$17<='תכנון הבראה'!$K48,0,OFFSET('פריסת חובות'!F11,0,-'תכנון הבראה'!$K48))*(1+'תכנון הבראה'!$E48)^('תכנון הבראה'!$K48/12)+ ($C20=3)*'תכנון הבראה'!$L48*(F$17<='תכנון הבראה'!$J48))+ IF($C20=4,(1-'תכנון הבראה'!$M48/'תכנון הבראה'!$B48)*'תכנון הבראה'!$C48,0)*(F$17<='תכנון הבראה'!$D48) -> 0 | G20: =IF($A20="",0,($C20=0)*'פריסת חובות'!G11 +($C20=1)*0+ ($C20=2)*IF(G$17<='תכנון הבראה'!$K48,0,OFFSET('פריסת חובות'!G11,0,-'תכנון הבראה'!$K48))*(1+'תכנון הבראה'!$E48)^('תכנון הבראה'!$K48/12)+ ($C20=3)*'תכנון הבראה'!$L48*(G$17<='תכנון הבראה'!$J48))+ IF($C20=4,(1-'תכנון הבראה'!$M48/'תכנון הבראה'!$B48)*'תכנון הבראה'!$C48,0)*(G$17<='תכנון הבראה'!$D48) -> 0 | H20: =IF($A20="",0,($C20=0)*'פריסת חובות'!H11 +($C20=1)*0+ ($C20=2)*IF(H$17<='תכנון הבראה'!$K48,0,OFFSET('פריסת חובות'!H11,0,-'תכנון הבראה'!$K48))*(1+'תכנון הבראה'!$E48)^('תכנון הבראה'!$K48/12)+ ($C20=3)*'תכנון הבראה'!$L48*(H$17<='תכנון הבראה'!$J48))+ IF($C20=4,(1-'תכנון הבראה'!$M48/'תכנון הבראה'!$B48)*'תכנון הבראה'!$C48,0)*(H$17<='תכנון הבראה'!$D48) -> 0 | I20: =IF($A20="",0,($C20=0)*'פריסת חובות'!I11 +($C20=1)*0+ ($C20=2)*IF(I$17<='תכנון הבראה'!$K48,0,OFFSET('פריסת חובות'!I11,0,-'תכנון הבראה'!$K48))*(1+'תכנון הבראה'!$E48)^('תכנון הבראה'!$K48/12)+ ($C20=3)*'תכנון הבראה'!$L48*(I$17<='תכנון הבראה'!$J48))+ IF($C20=4,(1-'תכנון הבראה'!$M48/'תכנון הבראה'!$B48)*'תכנון הבראה'!$C48,0)*(I$17<='תכנון הבראה'!$D48) -> 0 | J20: =IF($A20="",0,($C20=0)*'פריסת חובות'!J11 +($C20=1)*0+ ($C20=2)*IF(J$17<='תכנון הבראה'!$K48,0,OFFSET('פריסת חובות'!J11,0,-'תכנון הבראה'!$K48))*(1+'תכנון הבראה'!$E48)^('תכנון הבראה'!$K48/12)+ ($C20=3)*'תכנון הבראה'!$L48*(J$17<='תכנון הבראה'!$J48))+ IF($C20=4,(1-'תכנון הבראה'!$M48/'תכנון הבראה'!$B48)*'תכנון הבראה'!$C48,0)*(J$17<='תכנון הבראה'!$D48) -> 0 | K20: =IF($A20="",0,($C20=0)*'פריסת חובות'!K11 +($C20=1)*0+ ($C20=2)*IF(K$17<='תכנון הבראה'!$K48,0,OFFSET('פריסת חובות'!K11,0,-'תכנון הבראה'!$K48))*(1+'תכנון הבראה'!$E48)^('תכנון הבראה'!$K48/12)+ ($C20=3)*'תכנון הבראה'!$L48*(K$17<='תכנון הבראה'!$J48))+ IF($C20=4,(1-'תכנון הבראה'!$M48/'תכנון הבראה'!$B48)*'תכנון הבראה'!$C48,0)*(K$17<='תכנון הבראה'!$D48) -> 0 | L20: =IF($A20="",0,($C20=0)*'פריסת חובות'!L11 +($C20=1)*0+ ($C20=2)*IF(L$17<='תכנון הבראה'!$K48,0,OFFSET('פריסת חובות'!L11,0,-'תכנון הבראה'!$K48))*(1+'תכנון הבראה'!$E48)^('תכנון הבראה'!$K48/12)+ ($C20=3)*'תכנון הבראה'!$L48*(L$17<='תכנון הבראה'!$J48))+ IF($C20=4,(1-'תכנון הבראה'!$M48/'תכנון הבראה'!$B48)*'תכנון הבראה'!$C48,0)*(L$17<='תכנון הבראה'!$D48) -> 0 | ... CZ20: =IF($A20="",0,($C20=0)*'פריסת חובות'!CZ11 +($C20=1)*0+ ($C20=2)*IF(CZ$17<='תכנון הבראה'!$K48,0,OFFSET('פריסת חובות'!CZ11,0,-'תכנון הבראה'!$K48))*(1+'תכנון הבראה'!$E48)^('תכנון הבראה'!$K48/12)+ ($C20=3)*'תכנון הבראה'!$L48*(CZ$17<='תכנון הבראה'!$J48))+ IF($C20=4,(1-'תכנון הבראה'!$M48/'תכנון הבראה'!$B48)*'תכנון הבראה'!$C48,0)*(CZ$17<='תכנון הבראה'!$D48) -> 0
A21: ='תכנון הבראה'!A49 | B21: ='תכנון הבראה'!H49 -> 0 | C21: =IF(ISERROR(VLOOKUP(B21,LoanOptions,2,0)),0,VLOOKUP(B21,LoanOptions,2,0)) -> 0 | E21: =IF($A21="",0,($C21=0)*'פריסת חובות'!E12 +($C21=1)*0+ ($C21=2)*IF(E$17<='תכנון הבראה'!$K49,0,OFFSET('פריסת חובות'!E12,0,-'תכנון הבראה'!$K49))*(1+'תכנון הבראה'!$E49)^('תכנון הבראה'!$K49/12)+ ($C21=3)*'תכנון הבראה'!$L49*(E$17<='תכנון הבראה'!$J49))+ IF($C21=4,(1-'תכנון הבראה'!$M49/'תכנון הבראה'!$B49)*'תכנון הבראה'!$C49,0)*(E$17<='תכנון הבראה'!$D49) -> 0 | F21: =IF($A21="",0,($C21=0)*'פריסת חובות'!F12 +($C21=1)*0+ ($C21=2)*IF(F$17<='תכנון הבראה'!$K49,0,OFFSET('פריסת חובות'!F12,0,-'תכנון הבראה'!$K49))*(1+'תכנון הבראה'!$E49)^('תכנון הבראה'!$K49/12)+ ($C21=3)*'תכנון הבראה'!$L49*(F$17<='תכנון הבראה'!$J49))+ IF($C21=4,(1-'תכנון הבראה'!$M49/'תכנון הבראה'!$B49)*'תכנון הבראה'!$C49,0)*(F$17<='תכנון הבראה'!$D49) -> 0 | G21: =IF($A21="",0,($C21=0)*'פריסת חובות'!G12 +($C21=1)*0+ ($C21=2)*IF(G$17<='תכנון הבראה'!$K49,0,OFFSET('פריסת חובות'!G12,0,-'תכנון הבראה'!$K49))*(1+'תכנון הבראה'!$E49)^('תכנון הבראה'!$K49/12)+ ($C21=3)*'תכנון הבראה'!$L49*(G$17<='תכנון הבראה'!$J49))+ IF($C21=4,(1-'תכנון הבראה'!$M49/'תכנון הבראה'!$B49)*'תכנון הבראה'!$C49,0)*(G$17<='תכנון הבראה'!$D49) -> 0 | H21: =IF($A21="",0,($C21=0)*'פריסת חובות'!H12 +($C21=1)*0+ ($C21=2)*IF(H$17<='תכנון הבראה'!$K49,0,OFFSET('פריסת חובות'!H12,0,-'תכנון הבראה'!$K49))*(1+'תכנון הבראה'!$E49)^('תכנון הבראה'!$K49/12)+ ($C21=3)*'תכנון הבראה'!$L49*(H$17<='תכנון הבראה'!$J49))+ IF($C21=4,(1-'תכנון הבראה'!$M49/'תכנון הבראה'!$B49)*'תכנון הבראה'!$C49,0)*(H$17<='תכנון הבראה'!$D49) -> 0 | I21: =IF($A21="",0,($C21=0)*'פריסת חובות'!I12 +($C21=1)*0+ ($C21=2)*IF(I$17<='תכנון הבראה'!$K49,0,OFFSET('פריסת חובות'!I12,0,-'תכנון הבראה'!$K49))*(1+'תכנון הבראה'!$E49)^('תכנון הבראה'!$K49/12)+ ($C21=3)*'תכנון הבראה'!$L49*(I$17<='תכנון הבראה'!$J49))+ IF($C21=4,(1-'תכנון הבראה'!$M49/'תכנון הבראה'!$B49)*'תכנון הבראה'!$C49,0)*(I$17<='תכנון הבראה'!$D49) -> 0 | J21: =IF($A21="",0,($C21=0)*'פריסת חובות'!J12 +($C21=1)*0+ ($C21=2)*IF(J$17<='תכנון הבראה'!$K49,0,OFFSET('פריסת חובות'!J12,0,-'תכנון הבראה'!$K49))*(1+'תכנון הבראה'!$E49)^('תכנון הבראה'!$K49/12)+ ($C21=3)*'תכנון הבראה'!$L49*(J$17<='תכנון הבראה'!$J49))+ IF($C21=4,(1-'תכנון הבראה'!$M49/'תכנון הבראה'!$B49)*'תכנון הבראה'!$C49,0)*(J$17<='תכנון הבראה'!$D49) -> 0 | K21: =IF($A21="",0,($C21=0)*'פריסת חובות'!K12 +($C21=1)*0+ ($C21=2)*IF(K$17<='תכנון הבראה'!$K49,0,OFFSET('פריסת חובות'!K12,0,-'תכנון הבראה'!$K49))*(1+'תכנון הבראה'!$E49)^('תכנון הבראה'!$K49/12)+ ($C21=3)*'תכנון הבראה'!$L49*(K$17<='תכנון הבראה'!$J49))+ IF($C21=4,(1-'תכנון הבראה'!$M49/'תכנון הבראה'!$B49)*'תכנון הבראה'!$C49,0)*(K$17<='תכנון הבראה'!$D49) -> 0 | L21: =IF($A21="",0,($C21=0)*'פריסת חובות'!L12 +($C21=1)*0+ ($C21=2)*IF(L$17<='תכנון הבראה'!$K49,0,OFFSET('פריסת חובות'!L12,0,-'תכנון הבראה'!$K49))*(1+'תכנון הבראה'!$E49)^('תכנון הבראה'!$K49/12)+ ($C21=3)*'תכנון הבראה'!$L49*(L$17<='תכנון הבראה'!$J49))+ IF($C21=4,(1-'תכנון הבראה'!$M49/'תכנון הבראה'!$B49)*'תכנון הבראה'!$C49,0)*(L$17<='תכנון הבראה'!$D49) -> 0 | ... CZ21: =IF($A21="",0,($C21=0)*'פריסת חובות'!CZ12 +($C21=1)*0+ ($C21=2)*IF(CZ$17<='תכנון הבראה'!$K49,0,OFFSET('פריסת חובות'!CZ12,0,-'תכנון הבראה'!$K49))*(1+'תכנון הבראה'!$E49)^('תכנון הבראה'!$K49/12)+ ($C21=3)*'תכנון הבראה'!$L49*(CZ$17<='תכנון הבראה'!$J49))+ IF($C21=4,(1-'תכנון הבראה'!$M49/'תכנון הבראה'!$B49)*'תכנון הבראה'!$C49,0)*(CZ$17<='תכנון הבראה'!$D49) -> 0
A22: ='תכנון הבראה'!A50 | B22: ='תכנון הבראה'!H50 -> 0 | C22: =IF(ISERROR(VLOOKUP(B22,LoanOptions,2,0)),0,VLOOKUP(B22,LoanOptions,2,0)) -> 0 | E22: =IF($A22="",0,($C22=0)*'פריסת חובות'!E13 +($C22=1)*0+ ($C22=2)*IF(E$17<='תכנון הבראה'!$K50,0,OFFSET('פריסת חובות'!E13,0,-'תכנון הבראה'!$K50))*(1+'תכנון הבראה'!$E50)^('תכנון הבראה'!$K50/12)+ ($C22=3)*'תכנון הבראה'!$L50*(E$17<='תכנון הבראה'!$J50))+ IF($C22=4,(1-'תכנון הבראה'!$M50/'תכנון הבראה'!$B50)*'תכנון הבראה'!$C50,0)*(E$17<='תכנון הבראה'!$D50) -> 0 | F22: =IF($A22="",0,($C22=0)*'פריסת חובות'!F13 +($C22=1)*0+ ($C22=2)*IF(F$17<='תכנון הבראה'!$K50,0,OFFSET('פריסת חובות'!F13,0,-'תכנון הבראה'!$K50))*(1+'תכנון הבראה'!$E50)^('תכנון הבראה'!$K50/12)+ ($C22=3)*'תכנון הבראה'!$L50*(F$17<='תכנון הבראה'!$J50))+ IF($C22=4,(1-'תכנון הבראה'!$M50/'תכנון הבראה'!$B50)*'תכנון הבראה'!$C50,0)*(F$17<='תכנון הבראה'!$D50) -> 0 | G22: =IF($A22="",0,($C22=0)*'פריסת חובות'!G13 +($C22=1)*0+ ($C22=2)*IF(G$17<='תכנון הבראה'!$K50,0,OFFSET('פריסת חובות'!G13,0,-'תכנון הבראה'!$K50))*(1+'תכנון הבראה'!$E50)^('תכנון הבראה'!$K50/12)+ ($C22=3)*'תכנון הבראה'!$L50*(G$17<='תכנון הבראה'!$J50))+ IF($C22=4,(1-'תכנון הבראה'!$M50/'תכנון הבראה'!$B50)*'תכנון הבראה'!$C50,0)*(G$17<='תכנון הבראה'!$D50) -> 0 | H22: =IF($A22="",0,($C22=0)*'פריסת חובות'!H13 +($C22=1)*0+ ($C22=2)*IF(H$17<='תכנון הבראה'!$K50,0,OFFSET('פריסת חובות'!H13,0,-'תכנון הבראה'!$K50))*(1+'תכנון הבראה'!$E50)^('תכנון הבראה'!$K50/12)+ ($C22=3)*'תכנון הבראה'!$L50*(H$17<='תכנון הבראה'!$J50))+ IF($C22=4,(1-'תכנון הבראה'!$M50/'תכנון הבראה'!$B50)*'תכנון הבראה'!$C50,0)*(H$17<='תכנון הבראה'!$D50) -> 0 | I22: =IF($A22="",0,($C22=0)*'פריסת חובות'!I13 +($C22=1)*0+ ($C22=2)*IF(I$17<='תכנון הבראה'!$K50,0,OFFSET('פריסת חובות'!I13,0,-'תכנון הבראה'!$K50))*(1+'תכנון הבראה'!$E50)^('תכנון הבראה'!$K50/12)+ ($C22=3)*'תכנון הבראה'!$L50*(I$17<='תכנון הבראה'!$J50))+ IF($C22=4,(1-'תכנון הבראה'!$M50/'תכנון הבראה'!$B50)*'תכנון הבראה'!$C50,0)*(I$17<='תכנון הבראה'!$D50) -> 0 | J22: =IF($A22="",0,($C22=0)*'פריסת חובות'!J13 +($C22=1)*0+ ($C22=2)*IF(J$17<='תכנון הבראה'!$K50,0,OFFSET('פריסת חובות'!J13,0,-'תכנון הבראה'!$K50))*(1+'תכנון הבראה'!$E50)^('תכנון הבראה'!$K50/12)+ ($C22=3)*'תכנון הבראה'!$L50*(J$17<='תכנון הבראה'!$J50))+ IF($C22=4,(1-'תכנון הבראה'!$M50/'תכנון הבראה'!$B50)*'תכנון הבראה'!$C50,0)*(J$17<='תכנון הבראה'!$D50) -> 0 | K22: =IF($A22="",0,($C22=0)*'פריסת חובות'!K13 +($C22=1)*0+ ($C22=2)*IF(K$17<='תכנון הבראה'!$K50,0,OFFSET('פריסת חובות'!K13,0,-'תכנון הבראה'!$K50))*(1+'תכנון הבראה'!$E50)^('תכנון הבראה'!$K50/12)+ ($C22=3)*'תכנון הבראה'!$L50*(K$17<='תכנון הבראה'!$J50))+ IF($C22=4,(1-'תכנון הבראה'!$M50/'תכנון הבראה'!$B50)*'תכנון הבראה'!$C50,0)*(K$17<='תכנון הבראה'!$D50) -> 0 | L22: =IF($A22="",0,($C22=0)*'פריסת חובות'!L13 +($C22=1)*0+ ($C22=2)*IF(L$17<='תכנון הבראה'!$K50,0,OFFSET('פריסת חובות'!L13,0,-'תכנון הבראה'!$K50))*(1+'תכנון הבראה'!$E50)^('תכנון הבראה'!$K50/12)+ ($C22=3)*'תכנון הבראה'!$L50*(L$17<='תכנון הבראה'!$J50))+ IF($C22=4,(1-'תכנון הבראה'!$M50/'תכנון הבראה'!$B50)*'תכנון הבראה'!$C50,0)*(L$17<='תכנון הבראה'!$D50) -> 0 | ... CZ22: =IF($A22="",0,($C22=0)*'פריסת חובות'!CZ13 +($C22=1)*0+ ($C22=2)*IF(CZ$17<='תכנון הבראה'!$K50,0,OFFSET('פריסת חובות'!CZ13,0,-'תכנון הבראה'!$K50))*(1+'תכנון הבראה'!$E50)^('תכנון הבראה'!$K50/12)+ ($C22=3)*'תכנון הבראה'!$L50*(CZ$17<='תכנון הבראה'!$J50))+ IF($C22=4,(1-'תכנון הבראה'!$M50/'תכנון הבראה'!$B50)*'תכנון הבראה'!$C50,0)*(CZ$17<='תכנון הבראה'!$D50) -> 0
A23: ='תכנון הבראה'!A51 | B23: ='תכנון הבראה'!H51 -> 0 | C23: =IF(ISERROR(VLOOKUP(B23,LoanOptions,2,0)),0,VLOOKUP(B23,LoanOptions,2,0)) -> 0 | E23: =IF($A23="",0,($C23=0)*'פריסת חובות'!E14 +($C23=1)*0+ ($C23=2)*IF(E$17<='תכנון הבראה'!$K51,0,OFFSET('פריסת חובות'!E14,0,-'תכנון הבראה'!$K51))*(1+'תכנון הבראה'!$E51)^('תכנון הבראה'!$K51/12)+ ($C23=3)*'תכנון הבראה'!$L51*(E$17<='תכנון הבראה'!$J51))+ IF($C23=4,(1-'תכנון הבראה'!$M51/'תכנון הבראה'!$B51)*'תכנון הבראה'!$C51,0)*(E$17<='תכנון הבראה'!$D51) -> 0 | F23: =IF($A23="",0,($C23=0)*'פריסת חובות'!F14 +($C23=1)*0+ ($C23=2)*IF(F$17<='תכנון הבראה'!$K51,0,OFFSET('פריסת חובות'!F14,0,-'תכנון הבראה'!$K51))*(1+'תכנון הבראה'!$E51)^('תכנון הבראה'!$K51/12)+ ($C23=3)*'תכנון הבראה'!$L51*(F$17<='תכנון הבראה'!$J51))+ IF($C23=4,(1-'תכנון הבראה'!$M51/'תכנון הבראה'!$B51)*'תכנון הבראה'!$C51,0)*(F$17<='תכנון הבראה'!$D51) -> 0 | G23: =IF($A23="",0,($C23=0)*'פריסת חובות'!G14 +($C23=1)*0+ ($C23=2)*IF(G$17<='תכנון הבראה'!$K51,0,OFFSET('פריסת חובות'!G14,0,-'תכנון הבראה'!$K51))*(1+'תכנון הבראה'!$E51)^('תכנון הבראה'!$K51/12)+ ($C23=3)*'תכנון הבראה'!$L51*(G$17<='תכנון הבראה'!$J51))+ IF($C23=4,(1-'תכנון הבראה'!$M51/'תכנון הבראה'!$B51)*'תכנון הבראה'!$C51,0)*(G$17<='תכנון הבראה'!$D51) -> 0 | H23: =IF($A23="",0,($C23=0)*'פריסת חובות'!H14 +($C23=1)*0+ ($C23=2)*IF(H$17<='תכנון הבראה'!$K51,0,OFFSET('פריסת חובות'!H14,0,-'תכנון הבראה'!$K51))*(1+'תכנון הבראה'!$E51)^('תכנון הבראה'!$K51/12)+ ($C23=3)*'תכנון הבראה'!$L51*(H$17<='תכנון הבראה'!$J51))+ IF($C23=4,(1-'תכנון הבראה'!$M51/'תכנון הבראה'!$B51)*'תכנון הבראה'!$C51,0)*(H$17<='תכנון הבראה'!$D51) -> 0 | I23: =IF($A23="",0,($C23=0)*'פריסת חובות'!I14 +($C23=1)*0+ ($C23=2)*IF(I$17<='תכנון הבראה'!$K51,0,OFFSET('פריסת חובות'!I14,0,-'תכנון הבראה'!$K51))*(1+'תכנון הבראה'!$E51)^('תכנון הבראה'!$K51/12)+ ($C23=3)*'תכנון הבראה'!$L51*(I$17<='תכנון הבראה'!$J51))+ IF($C23=4,(1-'תכנון הבראה'!$M51/'תכנון הבראה'!$B51)*'תכנון הבראה'!$C51,0)*(I$17<='תכנון הבראה'!$D51) -> 0 | J23: =IF($A23="",0,($C23=0)*'פריסת חובות'!J14 +($C23=1)*0+ ($C23=2)*IF(J$17<='תכנון הבראה'!$K51,0,OFFSET('פריסת חובות'!J14,0,-'תכנון הבראה'!$K51))*(1+'תכנון הבראה'!$E51)^('תכנון הבראה'!$K51/12)+ ($C23=3)*'תכנון הבראה'!$L51*(J$17<='תכנון הבראה'!$J51))+ IF($C23=4,(1-'תכנון הבראה'!$M51/'תכנון הבראה'!$B51)*'תכנון הבראה'!$C51,0)*(J$17<='תכנון הבראה'!$D51) -> 0 | K23: =IF($A23="",0,($C23=0)*'פריסת חובות'!K14 +($C23=1)*0+ ($C23=2)*IF(K$17<='תכנון הבראה'!$K51,0,OFFSET('פריסת חובות'!K14,0,-'תכנון הבראה'!$K51))*(1+'תכנון הבראה'!$E51)^('תכנון הבראה'!$K51/12)+ ($C23=3)*'תכנון הבראה'!$L51*(K$17<='תכנון הבראה'!$J51))+ IF($C23=4,(1-'תכנון הבראה'!$M51/'תכנון הבראה'!$B51)*'תכנון הבראה'!$C51,0)*(K$17<='תכנון הבראה'!$D51) -> 0 | L23: =IF($A23="",0,($C23=0)*'פריסת חובות'!L14 +($C23=1)*0+ ($C23=2)*IF(L$17<='תכנון הבראה'!$K51,0,OFFSET('פריסת חובות'!L14,0,-'תכנון הבראה'!$K51))*(1+'תכנון הבראה'!$E51)^('תכנון הבראה'!$K51/12)+ ($C23=3)*'תכנון הבראה'!$L51*(L$17<='תכנון הבראה'!$J51))+ IF($C23=4,(1-'תכנון הבראה'!$M51/'תכנון הבראה'!$B51)*'תכנון הבראה'!$C51,0)*(L$17<='תכנון הבראה'!$D51) -> 0 | ... CZ23: =IF($A23="",0,($C23=0)*'פריסת חובות'!CZ14 +($C23=1)*0+ ($C23=2)*IF(CZ$17<='תכנון הבראה'!$K51,0,OFFSET('פריסת חובות'!CZ14,0,-'תכנון הבראה'!$K51))*(1+'תכנון הבראה'!$E51)^('תכנון הבראה'!$K51/12)+ ($C23=3)*'תכנון הבראה'!$L51*(CZ$17<='תכנון הבראה'!$J51))+ IF($C23=4,(1-'תכנון הבראה'!$M51/'תכנון הבראה'!$B51)*'תכנון הבראה'!$C51,0)*(CZ$17<='תכנון הבראה'!$D51) -> 0
A24: ='תכנון הבראה'!A52 | B24: ='תכנון הבראה'!H52 -> 0 | C24: =IF(ISERROR(VLOOKUP(B24,LoanOptions,2,0)),0,VLOOKUP(B24,LoanOptions,2,0)) -> 0 | E24: =IF($A24="",0,($C24=0)*'פריסת חובות'!E15 +($C24=1)*0+ ($C24=2)*IF(E$17<='תכנון הבראה'!$K52,0,OFFSET('פריסת חובות'!E15,0,-'תכנון הבראה'!$K52))*(1+'תכנון הבראה'!$E52)^('תכנון הבראה'!$K52/12)+ ($C24=3)*'תכנון הבראה'!$L52*(E$17<='תכנון הבראה'!$J52))+ IF($C24=4,(1-'תכנון הבראה'!$M52/'תכנון הבראה'!$B52)*'תכנון הבראה'!$C52,0)*(E$17<='תכנון הבראה'!$D52) -> 0 | F24: =IF($A24="",0,($C24=0)*'פריסת חובות'!F15 +($C24=1)*0+ ($C24=2)*IF(F$17<='תכנון הבראה'!$K52,0,OFFSET('פריסת חובות'!F15,0,-'תכנון הבראה'!$K52))*(1+'תכנון הבראה'!$E52)^('תכנון הבראה'!$K52/12)+ ($C24=3)*'תכנון הבראה'!$L52*(F$17<='תכנון הבראה'!$J52))+ IF($C24=4,(1-'תכנון הבראה'!$M52/'תכנון הבראה'!$B52)*'תכנון הבראה'!$C52,0)*(F$17<='תכנון הבראה'!$D52) -> 0 | G24: =IF($A24="",0,($C24=0)*'פריסת חובות'!G15 +($C24=1)*0+ ($C24=2)*IF(G$17<='תכנון הבראה'!$K52,0,OFFSET('פריסת חובות'!G15,0,-'תכנון הבראה'!$K52))*(1+'תכנון הבראה'!$E52)^('תכנון הבראה'!$K52/12)+ ($C24=3)*'תכנון הבראה'!$L52*(G$17<='תכנון הבראה'!$J52))+ IF($C24=4,(1-'תכנון הבראה'!$M52/'תכנון הבראה'!$B52)*'תכנון הבראה'!$C52,0)*(G$17<='תכנון הבראה'!$D52) -> 0 | H24: =IF($A24="",0,($C24=0)*'פריסת חובות'!H15 +($C24=1)*0+ ($C24=2)*IF(H$17<='תכנון הבראה'!$K52,0,OFFSET('פריסת חובות'!H15,0,-'תכנון הבראה'!$K52))*(1+'תכנון הבראה'!$E52)^('תכנון הבראה'!$K52/12)+ ($C24=3)*'תכנון הבראה'!$L52*(H$17<='תכנון הבראה'!$J52))+ IF($C24=4,(1-'תכנון הבראה'!$M52/'תכנון הבראה'!$B52)*'תכנון הבראה'!$C52,0)*(H$17<='תכנון הבראה'!$D52) -> 0 | I24: =IF($A24="",0,($C24=0)*'פריסת חובות'!I15 +($C24=1)*0+ ($C24=2)*IF(I$17<='תכנון הבראה'!$K52,0,OFFSET('פריסת חובות'!I15,0,-'תכנון הבראה'!$K52))*(1+'תכנון הבראה'!$E52)^('תכנון הבראה'!$K52/12)+ ($C24=3)*'תכנון הבראה'!$L52*(I$17<='תכנון הבראה'!$J52))+ IF($C24=4,(1-'תכנון הבראה'!$M52/'תכנון הבראה'!$B52)*'תכנון הבראה'!$C52,0)*(I$17<='תכנון הבראה'!$D52) -> 0 | J24: =IF($A24="",0,($C24=0)*'פריסת חובות'!J15 +($C24=1)*0+ ($C24=2)*IF(J$17<='תכנון הבראה'!$K52,0,OFFSET('פריסת חובות'!J15,0,-'תכנון הבראה'!$K52))*(1+'תכנון הבראה'!$E52)^('תכנון הבראה'!$K52/12)+ ($C24=3)*'תכנון הבראה'!$L52*(J$17<='תכנון הבראה'!$J52))+ IF($C24=4,(1-'תכנון הבראה'!$M52/'תכנון הבראה'!$B52)*'תכנון הבראה'!$C52,0)*(J$17<='תכנון הבראה'!$D52) -> 0 | K24: =IF($A24="",0,($C24=0)*'פריסת חובות'!K15 +($C24=1)*0+ ($C24=2)*IF(K$17<='תכנון הבראה'!$K52,0,OFFSET('פריסת חובות'!K15,0,-'תכנון הבראה'!$K52))*(1+'תכנון הבראה'!$E52)^('תכנון הבראה'!$K52/12)+ ($C24=3)*'תכנון הבראה'!$L52*(K$17<='תכנון הבראה'!$J52))+ IF($C24=4,(1-'תכנון הבראה'!$M52/'תכנון הבראה'!$B52)*'תכנון הבראה'!$C52,0)*(K$17<='תכנון הבראה'!$D52) -> 0 | L24: =IF($A24="",0,($C24=0)*'פריסת חובות'!L15 +($C24=1)*0+ ($C24=2)*IF(L$17<='תכנון הבראה'!$K52,0,OFFSET('פריסת חובות'!L15,0,-'תכנון הבראה'!$K52))*(1+'תכנון הבראה'!$E52)^('תכנון הבראה'!$K52/12)+ ($C24=3)*'תכנון הבראה'!$L52*(L$17<='תכנון הבראה'!$J52))+ IF($C24=4,(1-'תכנון הבראה'!$M52/'תכנון הבראה'!$B52)*'תכנון הבראה'!$C52,0)*(L$17<='תכנון הבראה'!$D52) -> 0 | ... CZ24: =IF($A24="",0,($C24=0)*'פריסת חובות'!CZ15 +($C24=1)*0+ ($C24=2)*IF(CZ$17<='תכנון הבראה'!$K52,0,OFFSET('פריסת חובות'!CZ15,0,-'תכנון הבראה'!$K52))*(1+'תכנון הבראה'!$E52)^('תכנון הבראה'!$K52/12)+ ($C24=3)*'תכנון הבראה'!$L52*(CZ$17<='תכנון הבראה'!$J52))+ IF($C24=4,(1-'תכנון הבראה'!$M52/'תכנון הבראה'!$B52)*'תכנון הבראה'!$C52,0)*(CZ$17<='תכנון הבראה'!$D52) -> 0
A25: ='תכנון הבראה'!A53 | B25: ='תכנון הבראה'!H53 -> 0 | C25: =IF(ISERROR(VLOOKUP(B25,LoanOptions,2,0)),0,VLOOKUP(B25,LoanOptions,2,0)) -> 0 | E25: =IF($A25="",0,($C25=0)*'פריסת חובות'!E16 +($C25=1)*0+ ($C25=2)*IF(E$17<='תכנון הבראה'!$K53,0,OFFSET('פריסת חובות'!E16,0,-'תכנון הבראה'!$K53))*(1+'תכנון הבראה'!$E53)^('תכנון הבראה'!$K53/12)+ ($C25=3)*'תכנון הבראה'!$L53*(E$17<='תכנון הבראה'!$J53))+ IF($C25=4,(1-'תכנון הבראה'!$M53/'תכנון הבראה'!$B53)*'תכנון הבראה'!$C53,0)*(E$17<='תכנון הבראה'!$D53) -> 0 | F25: =IF($A25="",0,($C25=0)*'פריסת חובות'!F16 +($C25=1)*0+ ($C25=2)*IF(F$17<='תכנון הבראה'!$K53,0,OFFSET('פריסת חובות'!F16,0,-'תכנון הבראה'!$K53))*(1+'תכנון הבראה'!$E53)^('תכנון הבראה'!$K53/12)+ ($C25=3)*'תכנון הבראה'!$L53*(F$17<='תכנון הבראה'!$J53))+ IF($C25=4,(1-'תכנון הבראה'!$M53/'תכנון הבראה'!$B53)*'תכנון הבראה'!$C53,0)*(F$17<='תכנון הבראה'!$D53) -> 0 | G25: =IF($A25="",0,($C25=0)*'פריסת חובות'!G16 +($C25=1)*0+ ($C25=2)*IF(G$17<='תכנון הבראה'!$K53,0,OFFSET('פריסת חובות'!G16,0,-'תכנון הבראה'!$K53))*(1+'תכנון הבראה'!$E53)^('תכנון הבראה'!$K53/12)+ ($C25=3)*'תכנון הבראה'!$L53*(G$17<='תכנון הבראה'!$J53))+ IF($C25=4,(1-'תכנון הבראה'!$M53/'תכנון הבראה'!$B53)*'תכנון הבראה'!$C53,0)*(G$17<='תכנון הבראה'!$D53) -> 0 | H25: =IF($A25="",0,($C25=0)*'פריסת חובות'!H16 +($C25=1)*0+ ($C25=2)*IF(H$17<='תכנון הבראה'!$K53,0,OFFSET('פריסת חובות'!H16,0,-'תכנון הבראה'!$K53))*(1+'תכנון הבראה'!$E53)^('תכנון הבראה'!$K53/12)+ ($C25=3)*'תכנון הבראה'!$L53*(H$17<='תכנון הבראה'!$J53))+ IF($C25=4,(1-'תכנון הבראה'!$M53/'תכנון הבראה'!$B53)*'תכנון הבראה'!$C53,0)*(H$17<='תכנון הבראה'!$D53) -> 0 | I25: =IF($A25="",0,($C25=0)*'פריסת חובות'!I16 +($C25=1)*0+ ($C25=2)*IF(I$17<='תכנון הבראה'!$K53,0,OFFSET('פריסת חובות'!I16,0,-'תכנון הבראה'!$K53))*(1+'תכנון הבראה'!$E53)^('תכנון הבראה'!$K53/12)+ ($C25=3)*'תכנון הבראה'!$L53*(I$17<='תכנון הבראה'!$J53))+ IF($C25=4,(1-'תכנון הבראה'!$M53/'תכנון הבראה'!$B53)*'תכנון הבראה'!$C53,0)*(I$17<='תכנון הבראה'!$D53) -> 0 | J25: =IF($A25="",0,($C25=0)*'פריסת חובות'!J16 +($C25=1)*0+ ($C25=2)*IF(J$17<='תכנון הבראה'!$K53,0,OFFSET('פריסת חובות'!J16,0,-'תכנון הבראה'!$K53))*(1+'תכנון הבראה'!$E53)^('תכנון הבראה'!$K53/12)+ ($C25=3)*'תכנון הבראה'!$L53*(J$17<='תכנון הבראה'!$J53))+ IF($C25=4,(1-'תכנון הבראה'!$M53/'תכנון הבראה'!$B53)*'תכנון הבראה'!$C53,0)*(J$17<='תכנון הבראה'!$D53) -> 0 | K25: =IF($A25="",0,($C25=0)*'פריסת חובות'!K16 +($C25=1)*0+ ($C25=2)*IF(K$17<='תכנון הבראה'!$K53,0,OFFSET('פריסת חובות'!K16,0,-'תכנון הבראה'!$K53))*(1+'תכנון הבראה'!$E53)^('תכנון הבראה'!$K53/12)+ ($C25=3)*'תכנון הבראה'!$L53*(K$17<='תכנון הבראה'!$J53))+ IF($C25=4,(1-'תכנון הבראה'!$M53/'תכנון הבראה'!$B53)*'תכנון הבראה'!$C53,0)*(K$17<='תכנון הבראה'!$D53) -> 0 | L25: =IF($A25="",0,($C25=0)*'פריסת חובות'!L16 +($C25=1)*0+ ($C25=2)*IF(L$17<='תכנון הבראה'!$K53,0,OFFSET('פריסת חובות'!L16,0,-'תכנון הבראה'!$K53))*(1+'תכנון הבראה'!$E53)^('תכנון הבראה'!$K53/12)+ ($C25=3)*'תכנון הבראה'!$L53*(L$17<='תכנון הבראה'!$J53))+ IF($C25=4,(1-'תכנון הבראה'!$M53/'תכנון הבראה'!$B53)*'תכנון הבראה'!$C53,0)*(L$17<='תכנון הבראה'!$D53) -> 0 | ... CZ25: =IF($A25="",0,($C25=0)*'פריסת חובות'!CZ16 +($C25=1)*0+ ($C25=2)*IF(CZ$17<='תכנון הבראה'!$K53,0,OFFSET('פריסת חובות'!CZ16,0,-'תכנון הבראה'!$K53))*(1+'תכנון הבראה'!$E53)^('תכנון הבראה'!$K53/12)+ ($C25=3)*'תכנון הבראה'!$L53*(CZ$17<='תכנון הבראה'!$J53))+ IF($C25=4,(1-'תכנון הבראה'!$M53/'תכנון הבראה'!$B53)*'תכנון הבראה'!$C53,0)*(CZ$17<='תכנון הבראה'!$D53) -> 0
A26: ='תכנון הבראה'!A54 | B26: ='תכנון הבראה'!H54 -> 0 | C26: =IF(ISERROR(VLOOKUP(B26,LoanOptions,2,0)),0,VLOOKUP(B26,LoanOptions,2,0)) -> 0 | E26: =IF($A26="",0,($C26=0)*'פריסת חובות'!E17 +($C26=1)*0+ ($C26=2)*IF(E$17<='תכנון הבראה'!$K54,0,OFFSET('פריסת חובות'!E17,0,-'תכנון הבראה'!$K54))*(1+'תכנון הבראה'!$E54)^('תכנון הבראה'!$K54/12)+ ($C26=3)*'תכנון הבראה'!$L54*(E$17<='תכנון הבראה'!$J54))+ IF($C26=4,(1-'תכנון הבראה'!$M54/'תכנון הבראה'!$B54)*'תכנון הבראה'!$C54,0)*(E$17<='תכנון הבראה'!$D54) -> 0 | F26: =IF($A26="",0,($C26=0)*'פריסת חובות'!F17 +($C26=1)*0+ ($C26=2)*IF(F$17<='תכנון הבראה'!$K54,0,OFFSET('פריסת חובות'!F17,0,-'תכנון הבראה'!$K54))*(1+'תכנון הבראה'!$E54)^('תכנון הבראה'!$K54/12)+ ($C26=3)*'תכנון הבראה'!$L54*(F$17<='תכנון הבראה'!$J54))+ IF($C26=4,(1-'תכנון הבראה'!$M54/'תכנון הבראה'!$B54)*'תכנון הבראה'!$C54,0)*(F$17<='תכנון הבראה'!$D54) -> 0 | G26: =IF($A26="",0,($C26=0)*'פריסת חובות'!G17 +($C26=1)*0+ ($C26=2)*IF(G$17<='תכנון הבראה'!$K54,0,OFFSET('פריסת חובות'!G17,0,-'תכנון הבראה'!$K54))*(1+'תכנון הבראה'!$E54)^('תכנון הבראה'!$K54/12)+ ($C26=3)*'תכנון הבראה'!$L54*(G$17<='תכנון הבראה'!$J54))+ IF($C26=4,(1-'תכנון הבראה'!$M54/'תכנון הבראה'!$B54)*'תכנון הבראה'!$C54,0)*(G$17<='תכנון הבראה'!$D54) -> 0 | H26: =IF($A26="",0,($C26=0)*'פריסת חובות'!H17 +($C26=1)*0+ ($C26=2)*IF(H$17<='תכנון הבראה'!$K54,0,OFFSET('פריסת חובות'!H17,0,-'תכנון הבראה'!$K54))*(1+'תכנון הבראה'!$E54)^('תכנון הבראה'!$K54/12)+ ($C26=3)*'תכנון הבראה'!$L54*(H$17<='תכנון הבראה'!$J54))+ IF($C26=4,(1-'תכנון הבראה'!$M54/'תכנון הבראה'!$B54)*'תכנון הבראה'!$C54,0)*(H$17<='תכנון הבראה'!$D54) -> 0 | I26: =IF($A26="",0,($C26=0)*'פריסת חובות'!I17 +($C26=1)*0+ ($C26=2)*IF(I$17<='תכנון הבראה'!$K54,0,OFFSET('פריסת חובות'!I17,0,-'תכנון הבראה'!$K54))*(1+'תכנון הבראה'!$E54)^('תכנון הבראה'!$K54/12)+ ($C26=3)*'תכנון הבראה'!$L54*(I$17<='תכנון הבראה'!$J54))+ IF($C26=4,(1-'תכנון הבראה'!$M54/'תכנון הבראה'!$B54)*'תכנון הבראה'!$C54,0)*(I$17<='תכנון הבראה'!$D54) -> 0 | J26: =IF($A26="",0,($C26=0)*'פריסת חובות'!J17 +($C26=1)*0+ ($C26=2)*IF(J$17<='תכנון הבראה'!$K54,0,OFFSET('פריסת חובות'!J17,0,-'תכנון הבראה'!$K54))*(1+'תכנון הבראה'!$E54)^('תכנון הבראה'!$K54/12)+ ($C26=3)*'תכנון הבראה'!$L54*(J$17<='תכנון הבראה'!$J54))+ IF($C26=4,(1-'תכנון הבראה'!$M54/'תכנון הבראה'!$B54)*'תכנון הבראה'!$C54,0)*(J$17<='תכנון הבראה'!$D54) -> 0 | K26: =IF($A26="",0,($C26=0)*'פריסת חובות'!K17 +($C26=1)*0+ ($C26=2)*IF(K$17<='תכנון הבראה'!$K54,0,OFFSET('פריסת חובות'!K17,0,-'תכנון הבראה'!$K54))*(1+'תכנון הבראה'!$E54)^('תכנון הבראה'!$K54/12)+ ($C26=3)*'תכנון הבראה'!$L54*(K$17<='תכנון הבראה'!$J54))+ IF($C26=4,(1-'תכנון הבראה'!$M54/'תכנון הבראה'!$B54)*'תכנון הבראה'!$C54,0)*(K$17<='תכנון הבראה'!$D54) -> 0 | L26: =IF($A26="",0,($C26=0)*'פריסת חובות'!L17 +($C26=1)*0+ ($C26=2)*IF(L$17<='תכנון הבראה'!$K54,0,OFFSET('פריסת חובות'!L17,0,-'תכנון הבראה'!$K54))*(1+'תכנון הבראה'!$E54)^('תכנון הבראה'!$K54/12)+ ($C26=3)*'תכנון הבראה'!$L54*(L$17<='תכנון הבראה'!$J54))+ IF($C26=4,(1-'תכנון הבראה'!$M54/'תכנון הבראה'!$B54)*'תכנון הבראה'!$C54,0)*(L$17<='תכנון הבראה'!$D54) -> 0 | ... CZ26: =IF($A26="",0,($C26=0)*'פריסת חובות'!CZ17 +($C26=1)*0+ ($C26=2)*IF(CZ$17<='תכנון הבראה'!$K54,0,OFFSET('פריסת חובות'!CZ17,0,-'תכנון הבראה'!$K54))*(1+'תכנון הבראה'!$E54)^('תכנון הבראה'!$K54/12)+ ($C26=3)*'תכנון הבראה'!$L54*(CZ$17<='תכנון הבראה'!$J54))+ IF($C26=4,(1-'תכנון הבראה'!$M54/'תכנון הבראה'!$B54)*'תכנון הבראה'!$C54,0)*(CZ$17<='תכנון הבראה'!$D54) -> 0
A27: ='תכנון הבראה'!A55 | B27: ='תכנון הבראה'!H55 -> 0 | C27: =IF(ISERROR(VLOOKUP(B27,LoanOptions,2,0)),0,VLOOKUP(B27,LoanOptions,2,0)) -> 0 | E27: =IF($A27="",0,($C27=0)*'פריסת חובות'!E18 +($C27=1)*0+ ($C27=2)*IF(E$17<='תכנון הבראה'!$K55,0,OFFSET('פריסת חובות'!E18,0,-'תכנון הבראה'!$K55))*(1+'תכנון הבראה'!$E55)^('תכנון הבראה'!$K55/12)+ ($C27=3)*'תכנון הבראה'!$L55*(E$17<='תכנון הבראה'!$J55))+ IF($C27=4,(1-'תכנון הבראה'!$M55/'תכנון הבראה'!$B55)*'תכנון הבראה'!$C55,0)*(E$17<='תכנון הבראה'!$D55) -> 0 | F27: =IF($A27="",0,($C27=0)*'פריסת חובות'!F18 +($C27=1)*0+ ($C27=2)*IF(F$17<='תכנון הבראה'!$K55,0,OFFSET('פריסת חובות'!F18,0,-'תכנון הבראה'!$K55))*(1+'תכנון הבראה'!$E55)^('תכנון הבראה'!$K55/12)+ ($C27=3)*'תכנון הבראה'!$L55*(F$17<='תכנון הבראה'!$J55))+ IF($C27=4,(1-'תכנון הבראה'!$M55/'תכנון הבראה'!$B55)*'תכנון הבראה'!$C55,0)*(F$17<='תכנון הבראה'!$D55) -> 0 | G27: =IF($A27="",0,($C27=0)*'פריסת חובות'!G18 +($C27=1)*0+ ($C27=2)*IF(G$17<='תכנון הבראה'!$K55,0,OFFSET('פריסת חובות'!G18,0,-'תכנון הבראה'!$K55))*(1+'תכנון הבראה'!$E55)^('תכנון הבראה'!$K55/12)+ ($C27=3)*'תכנון הבראה'!$L55*(G$17<='תכנון הבראה'!$J55))+ IF($C27=4,(1-'תכנון הבראה'!$M55/'תכנון הבראה'!$B55)*'תכנון הבראה'!$C55,0)*(G$17<='תכנון הבראה'!$D55) -> 0 | H27: =IF($A27="",0,($C27=0)*'פריסת חובות'!H18 +($C27=1)*0+ ($C27=2)*IF(H$17<='תכנון הבראה'!$K55,0,OFFSET('פריסת חובות'!H18,0,-'תכנון הבראה'!$K55))*(1+'תכנון הבראה'!$E55)^('תכנון הבראה'!$K55/12)+ ($C27=3)*'תכנון הבראה'!$L55*(H$17<='תכנון הבראה'!$J55))+ IF($C27=4,(1-'תכנון הבראה'!$M55/'תכנון הבראה'!$B55)*'תכנון הבראה'!$C55,0)*(H$17<='תכנון הבראה'!$D55) -> 0 | I27: =IF($A27="",0,($C27=0)*'פריסת חובות'!I18 +($C27=1)*0+ ($C27=2)*IF(I$17<='תכנון הבראה'!$K55,0,OFFSET('פריסת חובות'!I18,0,-'תכנון הבראה'!$K55))*(1+'תכנון הבראה'!$E55)^('תכנון הבראה'!$K55/12)+ ($C27=3)*'תכנון הבראה'!$L55*(I$17<='תכנון הבראה'!$J55))+ IF($C27=4,(1-'תכנון הבראה'!$M55/'תכנון הבראה'!$B55)*'תכנון הבראה'!$C55,0)*(I$17<='תכנון הבראה'!$D55) -> 0 | J27: =IF($A27="",0,($C27=0)*'פריסת חובות'!J18 +($C27=1)*0+ ($C27=2)*IF(J$17<='תכנון הבראה'!$K55,0,OFFSET('פריסת חובות'!J18,0,-'תכנון הבראה'!$K55))*(1+'תכנון הבראה'!$E55)^('תכנון הבראה'!$K55/12)+ ($C27=3)*'תכנון הבראה'!$L55*(J$17<='תכנון הבראה'!$J55))+ IF($C27=4,(1-'תכנון הבראה'!$M55/'תכנון הבראה'!$B55)*'תכנון הבראה'!$C55,0)*(J$17<='תכנון הבראה'!$D55) -> 0 | K27: =IF($A27="",0,($C27=0)*'פריסת חובות'!K18 +($C27=1)*0+ ($C27=2)*IF(K$17<='תכנון הבראה'!$K55,0,OFFSET('פריסת חובות'!K18,0,-'תכנון הבראה'!$K55))*(1+'תכנון הבראה'!$E55)^('תכנון הבראה'!$K55/12)+ ($C27=3)*'תכנון הבראה'!$L55*(K$17<='תכנון הבראה'!$J55))+ IF($C27=4,(1-'תכנון הבראה'!$M55/'תכנון הבראה'!$B55)*'תכנון הבראה'!$C55,0)*(K$17<='תכנון הבראה'!$D55) -> 0 | L27: =IF($A27="",0,($C27=0)*'פריסת חובות'!L18 +($C27=1)*0+ ($C27=2)*IF(L$17<='תכנון הבראה'!$K55,0,OFFSET('פריסת חובות'!L18,0,-'תכנון הבראה'!$K55))*(1+'תכנון הבראה'!$E55)^('תכנון הבראה'!$K55/12)+ ($C27=3)*'תכנון הבראה'!$L55*(L$17<='תכנון הבראה'!$J55))+ IF($C27=4,(1-'תכנון הבראה'!$M55/'תכנון הבראה'!$B55)*'תכנון הבראה'!$C55,0)*(L$17<='תכנון הבראה'!$D55) -> 0 | ... CZ27: =IF($A27="",0,($C27=0)*'פריסת חובות'!CZ18 +($C27=1)*0+ ($C27=2)*IF(CZ$17<='תכנון הבראה'!$K55,0,OFFSET('פריסת חובות'!CZ18,0,-'תכנון הבראה'!$K55))*(1+'תכנון הבראה'!$E55)^('תכנון הבראה'!$K55/12)+ ($C27=3)*'תכנון הבראה'!$L55*(CZ$17<='תכנון הבראה'!$J55))+ IF($C27=4,(1-'תכנון הבראה'!$M55/'תכנון הבראה'!$B55)*'תכנון הבראה'!$C55,0)*(CZ$17<='תכנון הבראה'!$D55) -> 0
A28: ='תכנון הבראה'!A56 | B28: ='תכנון הבראה'!H56 -> 0 | C28: =IF(ISERROR(VLOOKUP(B28,LoanOptions,2,0)),0,VLOOKUP(B28,LoanOptions,2,0)) -> 0 | E28: =IF($A28="",0,($C28=0)*'פריסת חובות'!E19 +($C28=1)*0+ ($C28=2)*IF(E$17<='תכנון הבראה'!$K56,0,OFFSET('פריסת חובות'!E19,0,-'תכנון הבראה'!$K56))*(1+'תכנון הבראה'!$E56)^('תכנון הבראה'!$K56/12)+ ($C28=3)*'תכנון הבראה'!$L56*(E$17<='תכנון הבראה'!$J56))+ IF($C28=4,(1-'תכנון הבראה'!$M56/'תכנון הבראה'!$B56)*'תכנון הבראה'!$C56,0)*(E$17<='תכנון הבראה'!$D56) -> 0 | F28: =IF($A28="",0,($C28=0)*'פריסת חובות'!F19 +($C28=1)*0+ ($C28=2)*IF(F$17<='תכנון הבראה'!$K56,0,OFFSET('פריסת חובות'!F19,0,-'תכנון הבראה'!$K56))*(1+'תכנון הבראה'!$E56)^('תכנון הבראה'!$K56/12)+ ($C28=3)*'תכנון הבראה'!$L56*(F$17<='תכנון הבראה'!$J56))+ IF($C28=4,(1-'תכנון הבראה'!$M56/'תכנון הבראה'!$B56)*'תכנון הבראה'!$C56,0)*(F$17<='תכנון הבראה'!$D56) -> 0 | G28: =IF($A28="",0,($C28=0)*'פריסת חובות'!G19 +($C28=1)*0+ ($C28=2)*IF(G$17<='תכנון הבראה'!$K56,0,OFFSET('פריסת חובות'!G19,0,-'תכנון הבראה'!$K56))*(1+'תכנון הבראה'!$E56)^('תכנון הבראה'!$K56/12)+ ($C28=3)*'תכנון הבראה'!$L56*(G$17<='תכנון הבראה'!$J56))+ IF($C28=4,(1-'תכנון הבראה'!$M56/'תכנון הבראה'!$B56)*'תכנון הבראה'!$C56,0)*(G$17<='תכנון הבראה'!$D56) -> 0 | H28: =IF($A28="",0,($C28=0)*'פריסת חובות'!H19 +($C28=1)*0+ ($C28=2)*IF(H$17<='תכנון הבראה'!$K56,0,OFFSET('פריסת חובות'!H19,0,-'תכנון הבראה'!$K56))*(1+'תכנון הבראה'!$E56)^('תכנון הבראה'!$K56/12)+ ($C28=3)*'תכנון הבראה'!$L56*(H$17<='תכנון הבראה'!$J56))+ IF($C28=4,(1-'תכנון הבראה'!$M56/'תכנון הבראה'!$B56)*'תכנון הבראה'!$C56,0)*(H$17<='תכנון הבראה'!$D56) -> 0 | I28: =IF($A28="",0,($C28=0)*'פריסת חובות'!I19 +($C28=1)*0+ ($C28=2)*IF(I$17<='תכנון הבראה'!$K56,0,OFFSET('פריסת חובות'!I19,0,-'תכנון הבראה'!$K56))*(1+'תכנון הבראה'!$E56)^('תכנון הבראה'!$K56/12)+ ($C28=3)*'תכנון הבראה'!$L56*(I$17<='תכנון הבראה'!$J56))+ IF($C28=4,(1-'תכנון הבראה'!$M56/'תכנון הבראה'!$B56)*'תכנון הבראה'!$C56,0)*(I$17<='תכנון הבראה'!$D56) -> 0 | J28: =IF($A28="",0,($C28=0)*'פריסת חובות'!J19 +($C28=1)*0+ ($C28=2)*IF(J$17<='תכנון הבראה'!$K56,0,OFFSET('פריסת חובות'!J19,0,-'תכנון הבראה'!$K56))*(1+'תכנון הבראה'!$E56)^('תכנון הבראה'!$K56/12)+ ($C28=3)*'תכנון הבראה'!$L56*(J$17<='תכנון הבראה'!$J56))+ IF($C28=4,(1-'תכנון הבראה'!$M56/'תכנון הבראה'!$B56)*'תכנון הבראה'!$C56,0)*(J$17<='תכנון הבראה'!$D56) -> 0 | K28: =IF($A28="",0,($C28=0)*'פריסת חובות'!K19 +($C28=1)*0+ ($C28=2)*IF(K$17<='תכנון הבראה'!$K56,0,OFFSET('פריסת חובות'!K19,0,-'תכנון הבראה'!$K56))*(1+'תכנון הבראה'!$E56)^('תכנון הבראה'!$K56/12)+ ($C28=3)*'תכנון הבראה'!$L56*(K$17<='תכנון הבראה'!$J56))+ IF($C28=4,(1-'תכנון הבראה'!$M56/'תכנון הבראה'!$B56)*'תכנון הבראה'!$C56,0)*(K$17<='תכנון הבראה'!$D56) -> 0 | L28: =IF($A28="",0,($C28=0)*'פריסת חובות'!L19 +($C28=1)*0+ ($C28=2)*IF(L$17<='תכנון הבראה'!$K56,0,OFFSET('פריסת חובות'!L19,0,-'תכנון הבראה'!$K56))*(1+'תכנון הבראה'!$E56)^('תכנון הבראה'!$K56/12)+ ($C28=3)*'תכנון הבראה'!$L56*(L$17<='תכנון הבראה'!$J56))+ IF($C28=4,(1-'תכנון הבראה'!$M56/'תכנון הבראה'!$B56)*'תכנון הבראה'!$C56,0)*(L$17<='תכנון הבראה'!$D56) -> 0 | ... CZ28: =IF($A28="",0,($C28=0)*'פריסת חובות'!CZ19 +($C28=1)*0+ ($C28=2)*IF(CZ$17<='תכנון הבראה'!$K56,0,OFFSET('פריסת חובות'!CZ19,0,-'תכנון הבראה'!$K56))*(1+'תכנון הבראה'!$E56)^('תכנון הבראה'!$K56/12)+ ($C28=3)*'תכנון הבראה'!$L56*(CZ$17<='תכנון הבראה'!$J56))+ IF($C28=4,(1-'תכנון הבראה'!$M56/'תכנון הבראה'!$B56)*'תכנון הבראה'!$C56,0)*(CZ$17<='תכנון הבראה'!$D56) -> 0
A29: ='תכנון הבראה'!A57 | B29: ='תכנון הבראה'!H57 -> 0 | C29: =IF(ISERROR(VLOOKUP(B29,LoanOptions,2,0)),0,VLOOKUP(B29,LoanOptions,2,0)) -> 0 | E29: =IF($A29="",0,($C29=0)*'פריסת חובות'!E20 +($C29=1)*0+ ($C29=2)*IF(E$17<='תכנון הבראה'!$K57,0,OFFSET('פריסת חובות'!E20,0,-'תכנון הבראה'!$K57))*(1+'תכנון הבראה'!$E57)^('תכנון הבראה'!$K57/12)+ ($C29=3)*'תכנון הבראה'!$L57*(E$17<='תכנון הבראה'!$J57))+ IF($C29=4,(1-'תכנון הבראה'!$M57/'תכנון הבראה'!$B57)*'תכנון הבראה'!$C57,0)*(E$17<='תכנון הבראה'!$D57) -> 0 | F29: =IF($A29="",0,($C29=0)*'פריסת חובות'!F20 +($C29=1)*0+ ($C29=2)*IF(F$17<='תכנון הבראה'!$K57,0,OFFSET('פריסת חובות'!F20,0,-'תכנון הבראה'!$K57))*(1+'תכנון הבראה'!$E57)^('תכנון הבראה'!$K57/12)+ ($C29=3)*'תכנון הבראה'!$L57*(F$17<='תכנון הבראה'!$J57))+ IF($C29=4,(1-'תכנון הבראה'!$M57/'תכנון הבראה'!$B57)*'תכנון הבראה'!$C57,0)*(F$17<='תכנון הבראה'!$D57) -> 0 | G29: =IF($A29="",0,($C29=0)*'פריסת חובות'!G20 +($C29=1)*0+ ($C29=2)*IF(G$17<='תכנון הבראה'!$K57,0,OFFSET('פריסת חובות'!G20,0,-'תכנון הבראה'!$K57))*(1+'תכנון הבראה'!$E57)^('תכנון הבראה'!$K57/12)+ ($C29=3)*'תכנון הבראה'!$L57*(G$17<='תכנון הבראה'!$J57))+ IF($C29=4,(1-'תכנון הבראה'!$M57/'תכנון הבראה'!$B57)*'תכנון הבראה'!$C57,0)*(G$17<='תכנון הבראה'!$D57) -> 0 | H29: =IF($A29="",0,($C29=0)*'פריסת חובות'!H20 +($C29=1)*0+ ($C29=2)*IF(H$17<='תכנון הבראה'!$K57,0,OFFSET('פריסת חובות'!H20,0,-'תכנון הבראה'!$K57))*(1+'תכנון הבראה'!$E57)^('תכנון הבראה'!$K57/12)+ ($C29=3)*'תכנון הבראה'!$L57*(H$17<='תכנון הבראה'!$J57))+ IF($C29=4,(1-'תכנון הבראה'!$M57/'תכנון הבראה'!$B57)*'תכנון הבראה'!$C57,0)*(H$17<='תכנון הבראה'!$D57) -> 0 | I29: =IF($A29="",0,($C29=0)*'פריסת חובות'!I20 +($C29=1)*0+ ($C29=2)*IF(I$17<='תכנון הבראה'!$K57,0,OFFSET('פריסת חובות'!I20,0,-'תכנון הבראה'!$K57))*(1+'תכנון הבראה'!$E57)^('תכנון הבראה'!$K57/12)+ ($C29=3)*'תכנון הבראה'!$L57*(I$17<='תכנון הבראה'!$J57))+ IF($C29=4,(1-'תכנון הבראה'!$M57/'תכנון הבראה'!$B57)*'תכנון הבראה'!$C57,0)*(I$17<='תכנון הבראה'!$D57) -> 0 | J29: =IF($A29="",0,($C29=0)*'פריסת חובות'!J20 +($C29=1)*0+ ($C29=2)*IF(J$17<='תכנון הבראה'!$K57,0,OFFSET('פריסת חובות'!J20,0,-'תכנון הבראה'!$K57))*(1+'תכנון הבראה'!$E57)^('תכנון הבראה'!$K57/12)+ ($C29=3)*'תכנון הבראה'!$L57*(J$17<='תכנון הבראה'!$J57))+ IF($C29=4,(1-'תכנון הבראה'!$M57/'תכנון הבראה'!$B57)*'תכנון הבראה'!$C57,0)*(J$17<='תכנון הבראה'!$D57) -> 0 | K29: =IF($A29="",0,($C29=0)*'פריסת חובות'!K20 +($C29=1)*0+ ($C29=2)*IF(K$17<='תכנון הבראה'!$K57,0,OFFSET('פריסת חובות'!K20,0,-'תכנון הבראה'!$K57))*(1+'תכנון הבראה'!$E57)^('תכנון הבראה'!$K57/12)+ ($C29=3)*'תכנון הבראה'!$L57*(K$17<='תכנון הבראה'!$J57))+ IF($C29=4,(1-'תכנון הבראה'!$M57/'תכנון הבראה'!$B57)*'תכנון הבראה'!$C57,0)*(K$17<='תכנון הבראה'!$D57) -> 0 | L29: =IF($A29="",0,($C29=0)*'פריסת חובות'!L20 +($C29=1)*0+ ($C29=2)*IF(L$17<='תכנון הבראה'!$K57,0,OFFSET('פריסת חובות'!L20,0,-'תכנון הבראה'!$K57))*(1+'תכנון הבראה'!$E57)^('תכנון הבראה'!$K57/12)+ ($C29=3)*'תכנון הבראה'!$L57*(L$17<='תכנון הבראה'!$J57))+ IF($C29=4,(1-'תכנון הבראה'!$M57/'תכנון הבראה'!$B57)*'תכנון הבראה'!$C57,0)*(L$17<='תכנון הבראה'!$D57) -> 0 | ... CZ29: =IF($A29="",0,($C29=0)*'פריסת חובות'!CZ20 +($C29=1)*0+ ($C29=2)*IF(CZ$17<='תכנון הבראה'!$K57,0,OFFSET('פריסת חובות'!CZ20,0,-'תכנון הבראה'!$K57))*(1+'תכנון הבראה'!$E57)^('תכנון הבראה'!$K57/12)+ ($C29=3)*'תכנון הבראה'!$L57*(CZ$17<='תכנון הבראה'!$J57))+ IF($C29=4,(1-'תכנון הבראה'!$M57/'תכנון הבראה'!$B57)*'תכנון הבראה'!$C57,0)*(CZ$17<='תכנון הבראה'!$D57) -> 0
... A50: ='תכנון הבראה'!A78 | B50: ='תכנון הבראה'!H78 -> 0 | C50: =IF(ISERROR(VLOOKUP(B50,LoanOptions,2,0)),0,VLOOKUP(B50,LoanOptions,2,0)) -> 0 | E50: =IF($A50="",0,($C50=0)*'פריסת חובות'!E41 +($C50=1)*0+ ($C50=2)*IF(E$17<='תכנון הבראה'!$K78,0,OFFSET('פריסת חובות'!E41,0,-'תכנון הבראה'!$K78))*(1+'תכנון הבראה'!$E78)^('תכנון הבראה'!$K78/12)+ ($C50=3)*'תכנון הבראה'!$L78*(E$17<='תכנון הבראה'!$J78))+ IF($C50=4,(1-'תכנון הבראה'!$M78/'תכנון הבראה'!$B78)*'תכנון הבראה'!$C78,0)*(E$17<='תכנון הבראה'!$D78) -> 0 | F50: =IF($A50="",0,($C50=0)*'פריסת חובות'!F41 +($C50=1)*0+ ($C50=2)*IF(F$17<='תכנון הבראה'!$K78,0,OFFSET('פריסת חובות'!F41,0,-'תכנון הבראה'!$K78))*(1+'תכנון הבראה'!$E78)^('תכנון הבראה'!$K78/12)+ ($C50=3)*'תכנון הבראה'!$L78*(F$17<='תכנון הבראה'!$J78))+ IF($C50=4,(1-'תכנון הבראה'!$M78/'תכנון הבראה'!$B78)*'תכנון הבראה'!$C78,0)*(F$17<='תכנון הבראה'!$D78) -> 0 | G50: =IF($A50="",0,($C50=0)*'פריסת חובות'!G41 +($C50=1)*0+ ($C50=2)*IF(G$17<='תכנון הבראה'!$K78,0,OFFSET('פריסת חובות'!G41,0,-'תכנון הבראה'!$K78))*(1+'תכנון הבראה'!$E78)^('תכנון הבראה'!$K78/12)+ ($C50=3)*'תכנון הבראה'!$L78*(G$17<='תכנון הבראה'!$J78))+ IF($C50=4,(1-'תכנון הבראה'!$M78/'תכנון הבראה'!$B78)*'תכנון הבראה'!$C78,0)*(G$17<='תכנון הבראה'!$D78) -> 0 | H50: =IF($A50="",0,($C50=0)*'פריסת חובות'!H41 +($C50=1)*0+ ($C50=2)*IF(H$17<='תכנון הבראה'!$K78,0,OFFSET('פריסת חובות'!H41,0,-'תכנון הבראה'!$K78))*(1+'תכנון הבראה'!$E78)^('תכנון הבראה'!$K78/12)+ ($C50=3)*'תכנון הבראה'!$L78*(H$17<='תכנון הבראה'!$J78))+ IF($C50=4,(1-'תכנון הבראה'!$M78/'תכנון הבראה'!$B78)*'תכנון הבראה'!$C78,0)*(H$17<='תכנון הבראה'!$D78) -> 0 | I50: =IF($A50="",0,($C50=0)*'פריסת חובות'!I41 +($C50=1)*0+ ($C50=2)*IF(I$17<='תכנון הבראה'!$K78,0,OFFSET('פריסת חובות'!I41,0,-'תכנון הבראה'!$K78))*(1+'תכנון הבראה'!$E78)^('תכנון הבראה'!$K78/12)+ ($C50=3)*'תכנון הבראה'!$L78*(I$17<='תכנון הבראה'!$J78))+ IF($C50=4,(1-'תכנון הבראה'!$M78/'תכנון הבראה'!$B78)*'תכנון הבראה'!$C78,0)*(I$17<='תכנון הבראה'!$D78) -> 0 | J50: =IF($A50="",0,($C50=0)*'פריסת חובות'!J41 +($C50=1)*0+ ($C50=2)*IF(J$17<='תכנון הבראה'!$K78,0,OFFSET('פריסת חובות'!J41,0,-'תכנון הבראה'!$K78))*(1+'תכנון הבראה'!$E78)^('תכנון הבראה'!$K78/12)+ ($C50=3)*'תכנון הבראה'!$L78*(J$17<='תכנון הבראה'!$J78))+ IF($C50=4,(1-'תכנון הבראה'!$M78/'תכנון הבראה'!$B78)*'תכנון הבראה'!$C78,0)*(J$17<='תכנון הבראה'!$D78) -> 0 | K50: =IF($A50="",0,($C50=0)*'פריסת חובות'!K41 +($C50=1)*0+ ($C50=2)*IF(K$17<='תכנון הבראה'!$K78,0,OFFSET('פריסת חובות'!K41,0,-'תכנון הבראה'!$K78))*(1+'תכנון הבראה'!$E78)^('תכנון הבראה'!$K78/12)+ ($C50=3)*'תכנון הבראה'!$L78*(K$17<='תכנון הבראה'!$J78))+ IF($C50=4,(1-'תכנון הבראה'!$M78/'תכנון הבראה'!$B78)*'תכנון הבראה'!$C78,0)*(K$17<='תכנון הבראה'!$D78) -> 0 | L50: =IF($A50="",0,($C50=0)*'פריסת חובות'!L41 +($C50=1)*0+ ($C50=2)*IF(L$17<='תכנון הבראה'!$K78,0,OFFSET('פריסת חובות'!L41,0,-'תכנון הבראה'!$K78))*(1+'תכנון הבראה'!$E78)^('תכנון הבראה'!$K78/12)+ ($C50=3)*'תכנון הבראה'!$L78*(L$17<='תכנון הבראה'!$J78))+ IF($C50=4,(1-'תכנון הבראה'!$M78/'תכנון הבראה'!$B78)*'תכנון הבראה'!$C78,0)*(L$17<='תכנון הבראה'!$D78) -> 0 | ... CZ50: =IF($A50="",0,($C50=0)*'פריסת חובות'!CZ41 +($C50=1)*0+ ($C50=2)*IF(CZ$17<='תכנון הבראה'!$K78,0,OFFSET('פריסת חובות'!CZ41,0,-'תכנון הבראה'!$K78))*(1+'תכנון הבראה'!$E78)^('תכנון הבראה'!$K78/12)+ ($C50=3)*'תכנון הבראה'!$L78*(CZ$17<='תכנון הבראה'!$J78))+ IF($C50=4,(1-'תכנון הבראה'!$M78/'תכנון הבראה'!$B78)*'תכנון הבראה'!$C78,0)*(CZ$17<='תכנון הבראה'!$D78) -> 0
A51: החזר חודשי הנובע מהלוואות מקוריות בהסדר | E51: =SUM(E18:E50) -> 0 | F51: =SUM(F18:F50) -> 0 | G51: =SUM(G18:G50) -> 0 | H51: =SUM(H18:H50) -> 0 | I51: =SUM(I18:I50) -> 0 | J51: =SUM(J18:J50) -> 0 | K51: =SUM(K18:K50) -> 0 | L51: =SUM(L18:L50) -> 0 | ... CZ51: =SUM(CZ18:CZ50) -> 0
A52: החזר חודשי הנובע מטיפול בחובות שלא היו בהסדר | E52: {=IFERROR(SUMPRODUCT(('תכנון הבראה'!$G$84:$G$116='תכנון הבראה'!$X$8)*(E$17<='תכנון הבראה'!$I$84:$I$116+'תכנון הבראה'!$J$84:$J$116)*(E$17>'תכנון הבראה'!$I$84:$I$116)*('תכנון הבראה'!$L$84:$L$116)),0)} -> 0 | F52: {=IFERROR(SUMPRODUCT(('תכנון הבראה'!$G$84:$G$116='תכנון הבראה'!$X$8)*(F$17<='תכנון הבראה'!$I$84:$I$116+'תכנון הבראה'!$J$84:$J$116)*(F$17>'תכנון הבראה'!$I$84:$I$116)*('תכנון הבראה'!$L$84:$L$116)),0)} -> 0 | G52: {=IFERROR(SUMPRODUCT(('תכנון הבראה'!$G$84:$G$116='תכנון הבראה'!$X$8)*(G$17<='תכנון הבראה'!$I$84:$I$116+'תכנון הבראה'!$J$84:$J$116)*(G$17>'תכנון הבראה'!$I$84:$I$116)*('תכנון הבראה'!$L$84:$L$116)),0)} -> 0 | H52: {=IFERROR(SUMPRODUCT(('תכנון הבראה'!$G$84:$G$116='תכנון הבראה'!$X$8)*(H$17<='תכנון הבראה'!$I$84:$I$116+'תכנון הבראה'!$J$84:$J$116)*(H$17>'תכנון הבראה'!$I$84:$I$116)*('תכנון הבראה'!$L$84:$L$116)),0)} -> 0 | I52: {=IFERROR(SUMPRODUCT(('תכנון הבראה'!$G$84:$G$116='תכנון הבראה'!$X$8)*(I$17<='תכנון הבראה'!$I$84:$I$116+'תכנון הבראה'!$J$84:$J$116)*(I$17>'תכנון הבראה'!$I$84:$I$116)*('תכנון הבראה'!$L$84:$L$116)),0)} -> 0 | J52: {=IFERROR(SUMPRODUCT(('תכנון הבראה'!$G$84:$G$116='תכנון הבראה'!$X$8)*(J$17<='תכנון הבראה'!$I$84:$I$116+'תכנון הבראה'!$J$84:$J$116)*(J$17>'תכנון הבראה'!$I$84:$I$116)*('תכנון הבראה'!$L$84:$L$116)),0)} -> 0 | K52: {=IFERROR(SUMPRODUCT(('תכנון הבראה'!$G$84:$G$116='תכנון הבראה'!$X$8)*(K$17<='תכנון הבראה'!$I$84:$I$116+'תכנון הבראה'!$J$84:$J$116)*(K$17>'תכנון הבראה'!$I$84:$I$116)*('תכנון הבראה'!$L$84:$L$116)),0)} -> 0 | L52: {=IFERROR(SUMPRODUCT(('תכנון הבראה'!$G$84:$G$116='תכנון הבראה'!$X$8)*(L$17<='תכנון הבראה'!$I$84:$I$116+'תכנון הבראה'!$J$84:$J$116)*(L$17>'תכנון הבראה'!$I$84:$I$116)*('תכנון הבראה'!$L$84:$L$116)),0)} -> 0 | ... CZ52: {=IFERROR(SUMPRODUCT(('תכנון הבראה'!$G$84:$G$116='תכנון הבראה'!$X$8)*(CZ$17<='תכנון הבראה'!$I$84:$I$116+'תכנון הבראה'!$J$84:$J$116)*(CZ$17>'תכנון הבראה'!$I$84:$I$116)*('תכנון הבראה'!$L$84:$L$116)),0)} -> 0
A53: החזר הלוואות חדשות
A54: ='תכנון הבראה'!A28 -> הלוואה 1 | E54: =(E$17<='תכנון הבראה'!$F28+'תכנון הבראה'!$D28)*(E$17>'תכנון הבראה'!$D28)*'תכנון הבראה'!$G28+(E$17<='תכנון הבראה'!$D28)*'תכנון הבראה'!$J28 -> 0 | F54: =(F$17<='תכנון הבראה'!$F28+'תכנון הבראה'!$D28)*(F$17>'תכנון הבראה'!$D28)*'תכנון הבראה'!$G28+(F$17<='תכנון הבראה'!$D28)*'תכנון הבראה'!$J28 -> 0 | G54: =(G$17<='תכנון הבראה'!$F28+'תכנון הבראה'!$D28)*(G$17>'תכנון הבראה'!$D28)*'תכנון הבראה'!$G28+(G$17<='תכנון הבראה'!$D28)*'תכנון הבראה'!$J28 -> 0 | H54: =(H$17<='תכנון הבראה'!$F28+'תכנון הבראה'!$D28)*(H$17>'תכנון הבראה'!$D28)*'תכנון הבראה'!$G28+(H$17<='תכנון הבראה'!$D28)*'תכנון הבראה'!$J28 -> 0 | I54: =(I$17<='תכנון הבראה'!$F28+'תכנון הבראה'!$D28)*(I$17>'תכנון הבראה'!$D28)*'תכנון הבראה'!$G28+(I$17<='תכנון הבראה'!$D28)*'תכנון הבראה'!$J28 -> 0 | J54: =(J$17<='תכנון הבראה'!$F28+'תכנון הבראה'!$D28)*(J$17>'תכנון הבראה'!$D28)*'תכנון הבראה'!$G28+(J$17<='תכנון הבראה'!$D28)*'תכנון הבראה'!$J28 -> 0 | K54: =(K$17<='תכנון הבראה'!$F28+'תכנון הבראה'!$D28)*(K$17>'תכנון הבראה'!$D28)*'תכנון הבראה'!$G28+(K$17<='תכנון הבראה'!$D28)*'תכנון הבראה'!$J28 -> 0 | L54: =(L$17<='תכנון הבראה'!$F28+'תכנון הבראה'!$D28)*(L$17>'תכנון הבראה'!$D28)*'תכנון הבראה'!$G28+(L$17<='תכנון הבראה'!$D28)*'תכנון הבראה'!$J28 -> 0 | ... CZ54: =(CZ$17<='תכנון הבראה'!$F28+'תכנון הבראה'!$D28)*(CZ$17>'תכנון הבראה'!$D28)*'תכנון הבראה'!$G28+(CZ$17<='תכנון הבראה'!$D28)*'תכנון הבראה'!$J28 -> 0
A55: ='תכנון הבראה'!A29 -> הלוואה 2 | E55: =(E$17<='תכנון הבראה'!$F29+'תכנון הבראה'!$D29)*(E$17>'תכנון הבראה'!$D29)*'תכנון הבראה'!$G29+(E$17<='תכנון הבראה'!$D29)*'תכנון הבראה'!$J29 -> 0 | F55: =(F$17<='תכנון הבראה'!$F29+'תכנון הבראה'!$D29)*(F$17>'תכנון הבראה'!$D29)*'תכנון הבראה'!$G29+(F$17<='תכנון הבראה'!$D29)*'תכנון הבראה'!$J29 -> 0 | G55: =(G$17<='תכנון הבראה'!$F29+'תכנון הבראה'!$D29)*(G$17>'תכנון הבראה'!$D29)*'תכנון הבראה'!$G29+(G$17<='תכנון הבראה'!$D29)*'תכנון הבראה'!$J29 -> 0 | H55: =(H$17<='תכנון הבראה'!$F29+'תכנון הבראה'!$D29)*(H$17>'תכנון הבראה'!$D29)*'תכנון הבראה'!$G29+(H$17<='תכנון הבראה'!$D29)*'תכנון הבראה'!$J29 -> 0 | I55: =(I$17<='תכנון הבראה'!$F29+'תכנון הבראה'!$D29)*(I$17>'תכנון הבראה'!$D29)*'תכנון הבראה'!$G29+(I$17<='תכנון הבראה'!$D29)*'תכנון הבראה'!$J29 -> 0 | J55: =(J$17<='תכנון הבראה'!$F29+'תכנון הבראה'!$D29)*(J$17>'תכנון הבראה'!$D29)*'תכנון הבראה'!$G29+(J$17<='תכנון הבראה'!$D29)*'תכנון הבראה'!$J29 -> 0 | K55: =(K$17<='תכנון הבראה'!$F29+'תכנון הבראה'!$D29)*(K$17>'תכנון הבראה'!$D29)*'תכנון הבראה'!$G29+(K$17<='תכנון הבראה'!$D29)*'תכנון הבראה'!$J29 -> 0 | L55: =(L$17<='תכנון הבראה'!$F29+'תכנון הבראה'!$D29)*(L$17>'תכנון הבראה'!$D29)*'תכנון הבראה'!$G29+(L$17<='תכנון הבראה'!$D29)*'תכנון הבראה'!$J29 -> 0 | ... CZ55: =(CZ$17<='תכנון הבראה'!$F29+'תכנון הבראה'!$D29)*(CZ$17>'תכנון הבראה'!$D29)*'תכנון הבראה'!$G29+(CZ$17<='תכנון הבראה'!$D29)*'תכנון הבראה'!$J29 -> 0
A56: ='תכנון הבראה'!A30 -> הלוואה 3 | E56: =(E$17<='תכנון הבראה'!$F30+'תכנון הבראה'!$D30)*(E$17>'תכנון הבראה'!$D30)*'תכנון הבראה'!$G30+(E$17<='תכנון הבראה'!$D30)*'תכנון הבראה'!$J30 -> 0 | F56: =(F$17<='תכנון הבראה'!$F30+'תכנון הבראה'!$D30)*(F$17>'תכנון הבראה'!$D30)*'תכנון הבראה'!$G30+(F$17<='תכנון הבראה'!$D30)*'תכנון הבראה'!$J30 -> 0 | G56: =(G$17<='תכנון הבראה'!$F30+'תכנון הבראה'!$D30)*(G$17>'תכנון הבראה'!$D30)*'תכנון הבראה'!$G30+(G$17<='תכנון הבראה'!$D30)*'תכנון הבראה'!$J30 -> 0 | H56: =(H$17<='תכנון הבראה'!$F30+'תכנון הבראה'!$D30)*(H$17>'תכנון הבראה'!$D30)*'תכנון הבראה'!$G30+(H$17<='תכנון הבראה'!$D30)*'תכנון הבראה'!$J30 -> 0 | I56: =(I$17<='תכנון הבראה'!$F30+'תכנון הבראה'!$D30)*(I$17>'תכנון הבראה'!$D30)*'תכנון הבראה'!$G30+(I$17<='תכנון הבראה'!$D30)*'תכנון הבראה'!$J30 -> 0 | J56: =(J$17<='תכנון הבראה'!$F30+'תכנון הבראה'!$D30)*(J$17>'תכנון הבראה'!$D30)*'תכנון הבראה'!$G30+(J$17<='תכנון הבראה'!$D30)*'תכנון הבראה'!$J30 -> 0 | K56: =(K$17<='תכנון הבראה'!$F30+'תכנון הבראה'!$D30)*(K$17>'תכנון הבראה'!$D30)*'תכנון הבראה'!$G30+(K$17<='תכנון הבראה'!$D30)*'תכנון הבראה'!$J30 -> 0 | L56: =(L$17<='תכנון הבראה'!$F30+'תכנון הבראה'!$D30)*(L$17>'תכנון הבראה'!$D30)*'תכנון הבראה'!$G30+(L$17<='תכנון הבראה'!$D30)*'תכנון הבראה'!$J30 -> 0 | ... CZ56: =(CZ$17<='תכנון הבראה'!$F30+'תכנון הבראה'!$D30)*(CZ$17>'תכנון הבראה'!$D30)*'תכנון הבראה'!$G30+(CZ$17<='תכנון הבראה'!$D30)*'תכנון הבראה'!$J30 -> 0
A57: ='תכנון הבראה'!A31 -> הלוואה 4 | E57: =(E$17<='תכנון הבראה'!$F31+'תכנון הבראה'!$D31)*(E$17>'תכנון הבראה'!$D31)*'תכנון הבראה'!$G31+(E$17<='תכנון הבראה'!$D31)*'תכנון הבראה'!$J31 -> 0 | F57: =(F$17<='תכנון הבראה'!$F31+'תכנון הבראה'!$D31)*(F$17>'תכנון הבראה'!$D31)*'תכנון הבראה'!$G31+(F$17<='תכנון הבראה'!$D31)*'תכנון הבראה'!$J31 -> 0 | G57: =(G$17<='תכנון הבראה'!$F31+'תכנון הבראה'!$D31)*(G$17>'תכנון הבראה'!$D31)*'תכנון הבראה'!$G31+(G$17<='תכנון הבראה'!$D31)*'תכנון הבראה'!$J31 -> 0 | H57: =(H$17<='תכנון הבראה'!$F31+'תכנון הבראה'!$D31)*(H$17>'תכנון הבראה'!$D31)*'תכנון הבראה'!$G31+(H$17<='תכנון הבראה'!$D31)*'תכנון הבראה'!$J31 -> 0 | I57: =(I$17<='תכנון הבראה'!$F31+'תכנון הבראה'!$D31)*(I$17>'תכנון הבראה'!$D31)*'תכנון הבראה'!$G31+(I$17<='תכנון הבראה'!$D31)*'תכנון הבראה'!$J31 -> 0 | J57: =(J$17<='תכנון הבראה'!$F31+'תכנון הבראה'!$D31)*(J$17>'תכנון הבראה'!$D31)*'תכנון הבראה'!$G31+(J$17<='תכנון הבראה'!$D31)*'תכנון הבראה'!$J31 -> 0 | K57: =(K$17<='תכנון הבראה'!$F31+'תכנון הבראה'!$D31)*(K$17>'תכנון הבראה'!$D31)*'תכנון הבראה'!$G31+(K$17<='תכנון הבראה'!$D31)*'תכנון הבראה'!$J31 -> 0 | L57: =(L$17<='תכנון הבראה'!$F31+'תכנון הבראה'!$D31)*(L$17>'תכנון הבראה'!$D31)*'תכנון הבראה'!$G31+(L$17<='תכנון הבראה'!$D31)*'תכנון הבראה'!$J31 -> 0 | ... CZ57: =(CZ$17<='תכנון הבראה'!$F31+'תכנון הבראה'!$D31)*(CZ$17>'תכנון הבראה'!$D31)*'תכנון הבראה'!$G31+(CZ$17<='תכנון הבראה'!$D31)*'תכנון הבראה'!$J31 -> 0
A58: ='תכנון הבראה'!A32 -> הלוואה 5 | E58: =(E$17<='תכנון הבראה'!$F32+'תכנון הבראה'!$D32)*(E$17>'תכנון הבראה'!$D32)*'תכנון הבראה'!$G32+(E$17<='תכנון הבראה'!$D32)*'תכנון הבראה'!$J32 -> 0 | F58: =(F$17<='תכנון הבראה'!$F32+'תכנון הבראה'!$D32)*(F$17>'תכנון הבראה'!$D32)*'תכנון הבראה'!$G32+(F$17<='תכנון הבראה'!$D32)*'תכנון הבראה'!$J32 -> 0 | G58: =(G$17<='תכנון הבראה'!$F32+'תכנון הבראה'!$D32)*(G$17>'תכנון הבראה'!$D32)*'תכנון הבראה'!$G32+(G$17<='תכנון הבראה'!$D32)*'תכנון הבראה'!$J32 -> 0 | H58: =(H$17<='תכנון הבראה'!$F32+'תכנון הבראה'!$D32)*(H$17>'תכנון הבראה'!$D32)*'תכנון הבראה'!$G32+(H$17<='תכנון הבראה'!$D32)*'תכנון הבראה'!$J32 -> 0 | I58: =(I$17<='תכנון הבראה'!$F32+'תכנון הבראה'!$D32)*(I$17>'תכנון הבראה'!$D32)*'תכנון הבראה'!$G32+(I$17<='תכנון הבראה'!$D32)*'תכנון הבראה'!$J32 -> 0 | J58: =(J$17<='תכנון הבראה'!$F32+'תכנון הבראה'!$D32)*(J$17>'תכנון הבראה'!$D32)*'תכנון הבראה'!$G32+(J$17<='תכנון הבראה'!$D32)*'תכנון הבראה'!$J32 -> 0 | K58: =(K$17<='תכנון הבראה'!$F32+'תכנון הבראה'!$D32)*(K$17>'תכנון הבראה'!$D32)*'תכנון הבראה'!$G32+(K$17<='תכנון הבראה'!$D32)*'תכנון הבראה'!$J32 -> 0 | L58: =(L$17<='תכנון הבראה'!$F32+'תכנון הבראה'!$D32)*(L$17>'תכנון הבראה'!$D32)*'תכנון הבראה'!$G32+(L$17<='תכנון הבראה'!$D32)*'תכנון הבראה'!$J32 -> 0 | ... CZ58: =(CZ$17<='תכנון הבראה'!$F32+'תכנון הבראה'!$D32)*(CZ$17>'תכנון הבראה'!$D32)*'תכנון הבראה'!$G32+(CZ$17<='תכנון הבראה'!$D32)*'תכנון הבראה'!$J32 -> 0
A59: ='תכנון הבראה'!A33 -> הלוואה 6 | E59: =(E$17<='תכנון הבראה'!$F33+'תכנון הבראה'!$D33)*(E$17>'תכנון הבראה'!$D33)*'תכנון הבראה'!$G33+(E$17<='תכנון הבראה'!$D33)*'תכנון הבראה'!$J33 -> 0 | F59: =(F$17<='תכנון הבראה'!$F33+'תכנון הבראה'!$D33)*(F$17>'תכנון הבראה'!$D33)*'תכנון הבראה'!$G33+(F$17<='תכנון הבראה'!$D33)*'תכנון הבראה'!$J33 -> 0 | G59: =(G$17<='תכנון הבראה'!$F33+'תכנון הבראה'!$D33)*(G$17>'תכנון הבראה'!$D33)*'תכנון הבראה'!$G33+(G$17<='תכנון הבראה'!$D33)*'תכנון הבראה'!$J33 -> 0 | H59: =(H$17<='תכנון הבראה'!$F33+'תכנון הבראה'!$D33)*(H$17>'תכנון הבראה'!$D33)*'תכנון הבראה'!$G33+(H$17<='תכנון הבראה'!$D33)*'תכנון הבראה'!$J33 -> 0 | I59: =(I$17<='תכנון הבראה'!$F33+'תכנון הבראה'!$D33)*(I$17>'תכנון הבראה'!$D33)*'תכנון הבראה'!$G33+(I$17<='תכנון הבראה'!$D33)*'תכנון הבראה'!$J33 -> 0 | J59: =(J$17<='תכנון הבראה'!$F33+'תכנון הבראה'!$D33)*(J$17>'תכנון הבראה'!$D33)*'תכנון הבראה'!$G33+(J$17<='תכנון הבראה'!$D33)*'תכנון הבראה'!$J33 -> 0 | K59: =(K$17<='תכנון הבראה'!$F33+'תכנון הבראה'!$D33)*(K$17>'תכנון הבראה'!$D33)*'תכנון הבראה'!$G33+(K$17<='תכנון הבראה'!$D33)*'תכנון הבראה'!$J33 -> 0 | L59: =(L$17<='תכנון הבראה'!$F33+'תכנון הבראה'!$D33)*(L$17>'תכנון הבראה'!$D33)*'תכנון הבראה'!$G33+(L$17<='תכנון הבראה'!$D33)*'תכנון הבראה'!$J33 -> 0 | ... CZ59: =(CZ$17<='תכנון הבראה'!$F33+'תכנון הבראה'!$D33)*(CZ$17>'תכנון הבראה'!$D33)*'תכנון הבראה'!$G33+(CZ$17<='תכנון הבראה'!$D33)*'תכנון הבראה'!$J33 -> 0
A60: ='תכנון הבראה'!A34 -> הלוואה 7 | E60: =(E$17<='תכנון הבראה'!$F34+'תכנון הבראה'!$D34)*(E$17>'תכנון הבראה'!$D34)*'תכנון הבראה'!$G34+(E$17<='תכנון הבראה'!$D34)*'תכנון הבראה'!$J34 -> 0 | F60: =(F$17<='תכנון הבראה'!$F34+'תכנון הבראה'!$D34)*(F$17>'תכנון הבראה'!$D34)*'תכנון הבראה'!$G34+(F$17<='תכנון הבראה'!$D34)*'תכנון הבראה'!$J34 -> 0 | G60: =(G$17<='תכנון הבראה'!$F34+'תכנון הבראה'!$D34)*(G$17>'תכנון הבראה'!$D34)*'תכנון הבראה'!$G34+(G$17<='תכנון הבראה'!$D34)*'תכנון הבראה'!$J34 -> 0 | H60: =(H$17<='תכנון הבראה'!$F34+'תכנון הבראה'!$D34)*(H$17>'תכנון הבראה'!$D34)*'תכנון הבראה'!$G34+(H$17<='תכנון הבראה'!$D34)*'תכנון הבראה'!$J34 -> 0 | I60: =(I$17<='תכנון הבראה'!$F34+'תכנון הבראה'!$D34)*(I$17>'תכנון הבראה'!$D34)*'תכנון הבראה'!$G34+(I$17<='תכנון הבראה'!$D34)*'תכנון הבראה'!$J34 -> 0 | J60: =(J$17<='תכנון הבראה'!$F34+'תכנון הבראה'!$D34)*(J$17>'תכנון הבראה'!$D34)*'תכנון הבראה'!$G34+(J$17<='תכנון הבראה'!$D34)*'תכנון הבראה'!$J34 -> 0 | K60: =(K$17<='תכנון הבראה'!$F34+'תכנון הבראה'!$D34)*(K$17>'תכנון הבראה'!$D34)*'תכנון הבראה'!$G34+(K$17<='תכנון הבראה'!$D34)*'תכנון הבראה'!$J34 -> 0 | L60: =(L$17<='תכנון הבראה'!$F34+'תכנון הבראה'!$D34)*(L$17>'תכנון הבראה'!$D34)*'תכנון הבראה'!$G34+(L$17<='תכנון הבראה'!$D34)*'תכנון הבראה'!$J34 -> 0 | ... CZ60: =(CZ$17<='תכנון הבראה'!$F34+'תכנון הבראה'!$D34)*(CZ$17>'תכנון הבראה'!$D34)*'תכנון הבראה'!$G34+(CZ$17<='תכנון הבראה'!$D34)*'תכנון הבראה'!$J34 -> 0
A61: ='תכנון הבראה'!A35 -> הלוואה 8 | E61: =(E$17<='תכנון הבראה'!$F35+'תכנון הבראה'!$D35)*(E$17>'תכנון הבראה'!$D35)*'תכנון הבראה'!$G35+(E$17<='תכנון הבראה'!$D35)*'תכנון הבראה'!$J35 -> 0 | F61: =(F$17<='תכנון הבראה'!$F35+'תכנון הבראה'!$D35)*(F$17>'תכנון הבראה'!$D35)*'תכנון הבראה'!$G35+(F$17<='תכנון הבראה'!$D35)*'תכנון הבראה'!$J35 -> 0 | G61: =(G$17<='תכנון הבראה'!$F35+'תכנון הבראה'!$D35)*(G$17>'תכנון הבראה'!$D35)*'תכנון הבראה'!$G35+(G$17<='תכנון הבראה'!$D35)*'תכנון הבראה'!$J35 -> 0 | H61: =(H$17<='תכנון הבראה'!$F35+'תכנון הבראה'!$D35)*(H$17>'תכנון הבראה'!$D35)*'תכנון הבראה'!$G35+(H$17<='תכנון הבראה'!$D35)*'תכנון הבראה'!$J35 -> 0 | I61: =(I$17<='תכנון הבראה'!$F35+'תכנון הבראה'!$D35)*(I$17>'תכנון הבראה'!$D35)*'תכנון הבראה'!$G35+(I$17<='תכנון הבראה'!$D35)*'תכנון הבראה'!$J35 -> 0 | J61: =(J$17<='תכנון הבראה'!$F35+'תכנון הבראה'!$D35)*(J$17>'תכנון הבראה'!$D35)*'תכנון הבראה'!$G35+(J$17<='תכנון הבראה'!$D35)*'תכנון הבראה'!$J35 -> 0 | K61: =(K$17<='תכנון הבראה'!$F35+'תכנון הבראה'!$D35)*(K$17>'תכנון הבראה'!$D35)*'תכנון הבראה'!$G35+(K$17<='תכנון הבראה'!$D35)*'תכנון הבראה'!$J35 -> 0 | L61: =(L$17<='תכנון הבראה'!$F35+'תכנון הבראה'!$D35)*(L$17>'תכנון הבראה'!$D35)*'תכנון הבראה'!$G35+(L$17<='תכנון הבראה'!$D35)*'תכנון הבראה'!$J35 -> 0 | ... CZ61: =(CZ$17<='תכנון הבראה'!$F35+'תכנון הבראה'!$D35)*(CZ$17>'תכנון הבראה'!$D35)*'תכנון הבראה'!$G35+(CZ$17<='תכנון הבראה'!$D35)*'תכנון הבראה'!$J35 -> 0
A62: ='תכנון הבראה'!A36 -> הלוואה 9 | E62: =(E$17<='תכנון הבראה'!$F36+'תכנון הבראה'!$D36)*(E$17>'תכנון הבראה'!$D36)*'תכנון הבראה'!$G36+(E$17<='תכנון הבראה'!$D36)*'תכנון הבראה'!$J36 -> 0 | F62: =(F$17<='תכנון הבראה'!$F36+'תכנון הבראה'!$D36)*(F$17>'תכנון הבראה'!$D36)*'תכנון הבראה'!$G36+(F$17<='תכנון הבראה'!$D36)*'תכנון הבראה'!$J36 -> 0 | G62: =(G$17<='תכנון הבראה'!$F36+'תכנון הבראה'!$D36)*(G$17>'תכנון הבראה'!$D36)*'תכנון הבראה'!$G36+(G$17<='תכנון הבראה'!$D36)*'תכנון הבראה'!$J36 -> 0 | H62: =(H$17<='תכנון הבראה'!$F36+'תכנון הבראה'!$D36)*(H$17>'תכנון הבראה'!$D36)*'תכנון הבראה'!$G36+(H$17<='תכנון הבראה'!$D36)*'תכנון הבראה'!$J36 -> 0 | I62: =(I$17<='תכנון הבראה'!$F36+'תכנון הבראה'!$D36)*(I$17>'תכנון הבראה'!$D36)*'תכנון הבראה'!$G36+(I$17<='תכנון הבראה'!$D36)*'תכנון הבראה'!$J36 -> 0 | J62: =(J$17<='תכנון הבראה'!$F36+'תכנון הבראה'!$D36)*(J$17>'תכנון הבראה'!$D36)*'תכנון הבראה'!$G36+(J$17<='תכנון הבראה'!$D36)*'תכנון הבראה'!$J36 -> 0 | K62: =(K$17<='תכנון הבראה'!$F36+'תכנון הבראה'!$D36)*(K$17>'תכנון הבראה'!$D36)*'תכנון הבראה'!$G36+(K$17<='תכנון הבראה'!$D36)*'תכנון הבראה'!$J36 -> 0 | L62: =(L$17<='תכנון הבראה'!$F36+'תכנון הבראה'!$D36)*(L$17>'תכנון הבראה'!$D36)*'תכנון הבראה'!$G36+(L$17<='תכנון הבראה'!$D36)*'תכנון הבראה'!$J36 -> 0 | ... CZ62: =(CZ$17<='תכנון הבראה'!$F36+'תכנון הבראה'!$D36)*(CZ$17>'תכנון הבראה'!$D36)*'תכנון הבראה'!$G36+(CZ$17<='תכנון הבראה'!$D36)*'תכנון הבראה'!$J36 -> 0
A63: ='תכנון הבראה'!A37 -> הלוואה 10 | E63: =(E$17<='תכנון הבראה'!$F37+'תכנון הבראה'!$D37)*(E$17>'תכנון הבראה'!$D37)*'תכנון הבראה'!$G37+(E$17<='תכנון הבראה'!$D37)*'תכנון הבראה'!$J37 -> 0 | F63: =(F$17<='תכנון הבראה'!$F37+'תכנון הבראה'!$D37)*(F$17>'תכנון הבראה'!$D37)*'תכנון הבראה'!$G37+(F$17<='תכנון הבראה'!$D37)*'תכנון הבראה'!$J37 -> 0 | G63: =(G$17<='תכנון הבראה'!$F37+'תכנון הבראה'!$D37)*(G$17>'תכנון הבראה'!$D37)*'תכנון הבראה'!$G37+(G$17<='תכנון הבראה'!$D37)*'תכנון הבראה'!$J37 -> 0 | H63: =(H$17<='תכנון הבראה'!$F37+'תכנון הבראה'!$D37)*(H$17>'תכנון הבראה'!$D37)*'תכנון הבראה'!$G37+(H$17<='תכנון הבראה'!$D37)*'תכנון הבראה'!$J37 -> 0 | I63: =(I$17<='תכנון הבראה'!$F37+'תכנון הבראה'!$D37)*(I$17>'תכנון הבראה'!$D37)*'תכנון הבראה'!$G37+(I$17<='תכנון הבראה'!$D37)*'תכנון הבראה'!$J37 -> 0 | J63: =(J$17<='תכנון הבראה'!$F37+'תכנון הבראה'!$D37)*(J$17>'תכנון הבראה'!$D37)*'תכנון הבראה'!$G37+(J$17<='תכנון הבראה'!$D37)*'תכנון הבראה'!$J37 -> 0 | K63: =(K$17<='תכנון הבראה'!$F37+'תכנון הבראה'!$D37)*(K$17>'תכנון הבראה'!$D37)*'תכנון הבראה'!$G37+(K$17<='תכנון הבראה'!$D37)*'תכנון הבראה'!$J37 -> 0 | L63: =(L$17<='תכנון הבראה'!$F37+'תכנון הבראה'!$D37)*(L$17>'תכנון הבראה'!$D37)*'תכנון הבראה'!$G37+(L$17<='תכנון הבראה'!$D37)*'תכנון הבראה'!$J37 -> 0 | ... CZ63: =(CZ$17<='תכנון הבראה'!$F37+'תכנון הבראה'!$D37)*(CZ$17>'תכנון הבראה'!$D37)*'תכנון הבראה'!$G37+(CZ$17<='תכנון הבראה'!$D37)*'תכנון הבראה'!$J37 -> 0
A64: החזר חודשי הנובע מהלוואות חדשות | E64: =SUM(E54:E63) -> 0 | F64: =SUM(F54:F63) -> 0 | G64: =SUM(G54:G63) -> 0 | H64: =SUM(H54:H63) -> 0 | I64: =SUM(I54:I63) -> 0 | J64: =SUM(J54:J63) -> 0 | K64: =SUM(K54:K63) -> 0 | L64: =SUM(L54:L63) -> 0 | ... CZ64: =SUM(CZ54:CZ63) -> 0
A65: סה"כ החזר חודשי | E65: =E64+E51+E52 -> 0 | F65: =F64+F51+F52 -> 0 | G65: =G64+G51+G52 -> 0 | H65: =H64+H51+H52 -> 0 | I65: =I64+I51+I52 -> 0 | J65: =J64+J51+J52 -> 0 | K65: =K64+K51+K52 -> 0 | L65: =L64+L51+L52 -> 0 | ... CZ65: =CZ64+CZ51+CZ52 -> 0
A66: הכנסות פחות הוצאות והחזר חובות אחרי הבראה | E66: =E16-E51-E64-E52 -> #N/A | F66: =F16-F51-F64-F52 -> #N/A | G66: =G16-G51-G64-G52 -> #N/A | H66: =H16-H51-H64-H52 -> #N/A | I66: =I16-I51-I64-I52 -> #N/A | J66: =J16-J51-J64-J52 -> #N/A | K66: =K16-K51-K64-K52 -> #N/A | L66: =L16-L51-L64-L52 -> #N/A | ... CZ66: =CZ16-CZ51-CZ64-CZ52 -> #N/A
A68: ניתוח החובות | D68: לתקן את התזרימים שיתייחסו לכל הפעולות
D69: יתרה בהתחלה
A70: יתרת הלוואות בהסדר לפני תכנית הבראה | D70: יתרה בהתחלה | E70: 1 | F70: =E70+1 -> 2 | G70: =F70+1 -> 3 | H70: =G70+1 -> 4 | I70: =H70+1 -> 5 | J70: =I70+1 -> 6 | K70: =J70+1 -> 7 | L70: =K70+1 -> 8 | M70: =L70+1 -> 9 | ... CZ70: =CY70+1 -> 100
A71: ='תכנון הבראה'!A46 | D71: ='תכנון הבראה'!B46 -> 0 | E71: =D71-IF(E$70<='תכנון הבראה'!$D46,'תכנון הבראה'!$C46,0) -> 0 | F71: =E71-IF(F$70<='תכנון הבראה'!$D46,'תכנון הבראה'!$C46,0) -> 0 | G71: =F71-IF(G$70<='תכנון הבראה'!$D46,'תכנון הבראה'!$C46,0) -> 0 | H71: =G71-IF(H$70<='תכנון הבראה'!$D46,'תכנון הבראה'!$C46,0) -> 0 | I71: =H71-IF(I$70<='תכנון הבראה'!$D46,'תכנון הבראה'!$C46,0) -> 0 | J71: =I71-IF(J$70<='תכנון הבראה'!$D46,'תכנון הבראה'!$C46,0) -> 0 | K71: =J71-IF(K$70<='תכנון הבראה'!$D46,'תכנון הבראה'!$C46,0) -> 0 | L71: =K71-IF(L$70<='תכנון הבראה'!$D46,'תכנון הבראה'!$C46,0) -> 0 | ... CZ71: =CY71-IF(CZ$70<='תכנון הבראה'!$D46,'תכנון הבראה'!$C46,0) -> 0
A72: ='תכנון הבראה'!A47 | D72: ='תכנון הבראה'!B47 -> 0 | E72: =D72-IF(E$70<='תכנון הבראה'!$D47,'תכנון הבראה'!$C47,0) -> 0 | F72: =E72-IF(F$70<='תכנון הבראה'!$D47,'תכנון הבראה'!$C47,0) -> 0 | G72: =F72-IF(G$70<='תכנון הבראה'!$D47,'תכנון הבראה'!$C47,0) -> 0 | H72: =G72-IF(H$70<='תכנון הבראה'!$D47,'תכנון הבראה'!$C47,0) -> 0 | I72: =H72-IF(I$70<='תכנון הבראה'!$D47,'תכנון הבראה'!$C47,0) -> 0 | J72: =I72-IF(J$70<='תכנון הבראה'!$D47,'תכנון הבראה'!$C47,0) -> 0 | K72: =J72-IF(K$70<='תכנון הבראה'!$D47,'תכנון הבראה'!$C47,0) -> 0 | L72: =K72-IF(L$70<='תכנון הבראה'!$D47,'תכנון הבראה'!$C47,0) -> 0 | ... CZ72: =CY72-IF(CZ$70<='תכנון הבראה'!$D47,'תכנון הבראה'!$C47,0) -> 0
A73: ='תכנון הבראה'!A48 | D73: ='תכנון הבראה'!B48 -> 0 | E73: =D73-IF(E$70<='תכנון הבראה'!$D48,'תכנון הבראה'!$C48,0) -> 0 | F73: =E73-IF(F$70<='תכנון הבראה'!$D48,'תכנון הבראה'!$C48,0) -> 0 | G73: =F73-IF(G$70<='תכנון הבראה'!$D48,'תכנון הבראה'!$C48,0) -> 0 | H73: =G73-IF(H$70<='תכנון הבראה'!$D48,'תכנון הבראה'!$C48,0) -> 0 | I73: =H73-IF(I$70<='תכנון הבראה'!$D48,'תכנון הבראה'!$C48,0) -> 0 | J73: =I73-IF(J$70<='תכנון הבראה'!$D48,'תכנון הבראה'!$C48,0) -> 0 | K73: =J73-IF(K$70<='תכנון הבראה'!$D48,'תכנון הבראה'!$C48,0) -> 0 | L73: =K73-IF(L$70<='תכנון הבראה'!$D48,'תכנון הבראה'!$C48,0) -> 0 | ... CZ73: =CY73-IF(CZ$70<='תכנון הבראה'!$D48,'תכנון הבראה'!$C48,0) -> 0
A74: ='תכנון הבראה'!A49 | D74: ='תכנון הבראה'!B49 -> 0 | E74: =D74-IF(E$70<='תכנון הבראה'!$D49,'תכנון הבראה'!$C49,0) -> 0 | F74: =E74-IF(F$70<='תכנון הבראה'!$D49,'תכנון הבראה'!$C49,0) -> 0 | G74: =F74-IF(G$70<='תכנון הבראה'!$D49,'תכנון הבראה'!$C49,0) -> 0 | H74: =G74-IF(H$70<='תכנון הבראה'!$D49,'תכנון הבראה'!$C49,0) -> 0 | I74: =H74-IF(I$70<='תכנון הבראה'!$D49,'תכנון הבראה'!$C49,0) -> 0 | J74: =I74-IF(J$70<='תכנון הבראה'!$D49,'תכנון הבראה'!$C49,0) -> 0 | K74: =J74-IF(K$70<='תכנון הבראה'!$D49,'תכנון הבראה'!$C49,0) -> 0 | L74: =K74-IF(L$70<='תכנון הבראה'!$D49,'תכנון הבראה'!$C49,0) -> 0 | ... CZ74: =CY74-IF(CZ$70<='תכנון הבראה'!$D49,'תכנון הבראה'!$C49,0) -> 0
A75: ='תכנון הבראה'!A50 | D75: ='תכנון הבראה'!B50 -> 0 | E75: =D75-IF(E$70<='תכנון הבראה'!$D50,'תכנון הבראה'!$C50,0) -> 0 | F75: =E75-IF(F$70<='תכנון הבראה'!$D50,'תכנון הבראה'!$C50,0) -> 0 | G75: =F75-IF(G$70<='תכנון הבראה'!$D50,'תכנון הבראה'!$C50,0) -> 0 | H75: =G75-IF(H$70<='תכנון הבראה'!$D50,'תכנון הבראה'!$C50,0) -> 0 | I75: =H75-IF(I$70<='תכנון הבראה'!$D50,'תכנון הבראה'!$C50,0) -> 0 | J75: =I75-IF(J$70<='תכנון הבראה'!$D50,'תכנון הבראה'!$C50,0) -> 0 | K75: =J75-IF(K$70<='תכנון הבראה'!$D50,'תכנון הבראה'!$C50,0) -> 0 | L75: =K75-IF(L$70<='תכנון הבראה'!$D50,'תכנון הבראה'!$C50,0) -> 0 | ... CZ75: =CY75-IF(CZ$70<='תכנון הבראה'!$D50,'תכנון הבראה'!$C50,0) -> 0
A76: ='תכנון הבראה'!A51 | D76: ='תכנון הבראה'!B51 -> 0 | E76: =D76-IF(E$70<='תכנון הבראה'!$D51,'תכנון הבראה'!$C51,0) -> 0 | F76: =E76-IF(F$70<='תכנון הבראה'!$D51,'תכנון הבראה'!$C51,0) -> 0 | G76: =F76-IF(G$70<='תכנון הבראה'!$D51,'תכנון הבראה'!$C51,0) -> 0 | H76: =G76-IF(H$70<='תכנון הבראה'!$D51,'תכנון הבראה'!$C51,0) -> 0 | I76: =H76-IF(I$70<='תכנון הבראה'!$D51,'תכנון הבראה'!$C51,0) -> 0 | J76: =I76-IF(J$70<='תכנון הבראה'!$D51,'תכנון הבראה'!$C51,0) -> 0 | K76: =J76-IF(K$70<='תכנון הבראה'!$D51,'תכנון הבראה'!$C51,0) -> 0 | L76: =K76-IF(L$70<='תכנון הבראה'!$D51,'תכנון הבראה'!$C51,0) -> 0 | ... CZ76: =CY76-IF(CZ$70<='תכנון הבראה'!$D51,'תכנון הבראה'!$C51,0) -> 0
A77: ='תכנון הבראה'!A52 | D77: ='תכנון הבראה'!B52 -> 0 | E77: =D77-IF(E$70<='תכנון הבראה'!$D52,'תכנון הבראה'!$C52,0) -> 0 | F77: =E77-IF(F$70<='תכנון הבראה'!$D52,'תכנון הבראה'!$C52,0) -> 0 | G77: =F77-IF(G$70<='תכנון הבראה'!$D52,'תכנון הבראה'!$C52,0) -> 0 | H77: =G77-IF(H$70<='תכנון הבראה'!$D52,'תכנון הבראה'!$C52,0) -> 0 | I77: =H77-IF(I$70<='תכנון הבראה'!$D52,'תכנון הבראה'!$C52,0) -> 0 | J77: =I77-IF(J$70<='תכנון הבראה'!$D52,'תכנון הבראה'!$C52,0) -> 0 | K77: =J77-IF(K$70<='תכנון הבראה'!$D52,'תכנון הבראה'!$C52,0) -> 0 | L77: =K77-IF(L$70<='תכנון הבראה'!$D52,'תכנון הבראה'!$C52,0) -> 0 | ... CZ77: =CY77-IF(CZ$70<='תכנון הבראה'!$D52,'תכנון הבראה'!$C52,0) -> 0
A78: ='תכנון הבראה'!A53 | D78: ='תכנון הבראה'!B53 -> 0 | E78: =D78-IF(E$70<='תכנון הבראה'!$D53,'תכנון הבראה'!$C53,0) -> 0 | F78: =E78-IF(F$70<='תכנון הבראה'!$D53,'תכנון הבראה'!$C53,0) -> 0 | G78: =F78-IF(G$70<='תכנון הבראה'!$D53,'תכנון הבראה'!$C53,0) -> 0 | H78: =G78-IF(H$70<='תכנון הבראה'!$D53,'תכנון הבראה'!$C53,0) -> 0 | I78: =H78-IF(I$70<='תכנון הבראה'!$D53,'תכנון הבראה'!$C53,0) -> 0 | J78: =I78-IF(J$70<='תכנון הבראה'!$D53,'תכנון הבראה'!$C53,0) -> 0 | K78: =J78-IF(K$70<='תכנון הבראה'!$D53,'תכנון הבראה'!$C53,0) -> 0 | L78: =K78-IF(L$70<='תכנון הבראה'!$D53,'תכנון הבראה'!$C53,0) -> 0 | ... CZ78: =CY78-IF(CZ$70<='תכנון הבראה'!$D53,'תכנון הבראה'!$C53,0) -> 0
A79: ='תכנון הבראה'!A54 | D79: ='תכנון הבראה'!B54 -> 0 | E79: =D79-IF(E$70<='תכנון הבראה'!$D54,'תכנון הבראה'!$C54,0) -> 0 | F79: =E79-IF(F$70<='תכנון הבראה'!$D54,'תכנון הבראה'!$C54,0) -> 0 | G79: =F79-IF(G$70<='תכנון הבראה'!$D54,'תכנון הבראה'!$C54,0) -> 0 | H79: =G79-IF(H$70<='תכנון הבראה'!$D54,'תכנון הבראה'!$C54,0) -> 0 | I79: =H79-IF(I$70<='תכנון הבראה'!$D54,'תכנון הבראה'!$C54,0) -> 0 | J79: =I79-IF(J$70<='תכנון הבראה'!$D54,'תכנון הבראה'!$C54,0) -> 0 | K79: =J79-IF(K$70<='תכנון הבראה'!$D54,'תכנון הבראה'!$C54,0) -> 0 | L79: =K79-IF(L$70<='תכנון הבראה'!$D54,'תכנון הבראה'!$C54,0) -> 0 | ... CZ79: =CY79-IF(CZ$70<='תכנון הבראה'!$D54,'תכנון הבראה'!$C54,0) -> 0
A80: ='תכנון הבראה'!A55 | D80: ='תכנון הבראה'!B55 -> 0 | E80: =D80-IF(E$70<='תכנון הבראה'!$D55,'תכנון הבראה'!$C55,0) -> 0 | F80: =E80-IF(F$70<='תכנון הבראה'!$D55,'תכנון הבראה'!$C55,0) -> 0 | G80: =F80-IF(G$70<='תכנון הבראה'!$D55,'תכנון הבראה'!$C55,0) -> 0 | H80: =G80-IF(H$70<='תכנון הבראה'!$D55,'תכנון הבראה'!$C55,0) -> 0 | I80: =H80-IF(I$70<='תכנון הבראה'!$D55,'תכנון הבראה'!$C55,0) -> 0 | J80: =I80-IF(J$70<='תכנון הבראה'!$D55,'תכנון הבראה'!$C55,0) -> 0 | K80: =J80-IF(K$70<='תכנון הבראה'!$D55,'תכנון הבראה'!$C55,0) -> 0 | L80: =K80-IF(L$70<='תכנון הבראה'!$D55,'תכנון הבראה'!$C55,0) -> 0 | ... CZ80: =CY80-IF(CZ$70<='תכנון הבראה'!$D55,'תכנון הבראה'!$C55,0) -> 0
A81: ='תכנון הבראה'!A56 | D81: ='תכנון הבראה'!B56 -> 0 | E81: =D81-IF(E$70<='תכנון הבראה'!$D56,'תכנון הבראה'!$C56,0) -> 0 | F81: =E81-IF(F$70<='תכנון הבראה'!$D56,'תכנון הבראה'!$C56,0) -> 0 | G81: =F81-IF(G$70<='תכנון הבראה'!$D56,'תכנון הבראה'!$C56,0) -> 0 | H81: =G81-IF(H$70<='תכנון הבראה'!$D56,'תכנון הבראה'!$C56,0) -> 0 | I81: =H81-IF(I$70<='תכנון הבראה'!$D56,'תכנון הבראה'!$C56,0) -> 0 | J81: =I81-IF(J$70<='תכנון הבראה'!$D56,'תכנון הבראה'!$C56,0) -> 0 | K81: =J81-IF(K$70<='תכנון הבראה'!$D56,'תכנון הבראה'!$C56,0) -> 0 | L81: =K81-IF(L$70<='תכנון הבראה'!$D56,'תכנון הבראה'!$C56,0) -> 0 | ... CZ81: =CY81-IF(CZ$70<='תכנון הבראה'!$D56,'תכנון הבראה'!$C56,0) -> 0
A82: ='תכנון הבראה'!A57 | D82: ='תכנון הבראה'!B57 -> 0 | E82: =D82-IF(E$70<='תכנון הבראה'!$D57,'תכנון הבראה'!$C57,0) -> 0 | F82: =E82-IF(F$70<='תכנון הבראה'!$D57,'תכנון הבראה'!$C57,0) -> 0 | G82: =F82-IF(G$70<='תכנון הבראה'!$D57,'תכנון הבראה'!$C57,0) -> 0 | H82: =G82-IF(H$70<='תכנון הבראה'!$D57,'תכנון הבראה'!$C57,0) -> 0 | I82: =H82-IF(I$70<='תכנון הבראה'!$D57,'תכנון הבראה'!$C57,0) -> 0 | J82: =I82-IF(J$70<='תכנון הבראה'!$D57,'תכנון הבראה'!$C57,0) -> 0 | K82: =J82-IF(K$70<='תכנון הבראה'!$D57,'תכנון הבראה'!$C57,0) -> 0 | L82: =K82-IF(L$70<='תכנון הבראה'!$D57,'תכנון הבראה'!$C57,0) -> 0 | ... CZ82: =CY82-IF(CZ$70<='תכנון הבראה'!$D57,'תכנון הבראה'!$C57,0) -> 0
... A103: ='תכנון הבראה'!A78 | D103: ='תכנון הבראה'!B78 -> 0 | E103: =D103-IF(E$70<='תכנון הבראה'!$D78,'תכנון הבראה'!$C78,0) -> 0 | F103: =E103-IF(F$70<='תכנון הבראה'!$D78,'תכנון הבראה'!$C78,0) -> 0 | G103: =F103-IF(G$70<='תכנון הבראה'!$D78,'תכנון הבראה'!$C78,0) -> 0 | H103: =G103-IF(H$70<='תכנון הבראה'!$D78,'תכנון הבראה'!$C78,0) -> 0 | I103: =H103-IF(I$70<='תכנון הבראה'!$D78,'תכנון הבראה'!$C78,0) -> 0 | J103: =I103-IF(J$70<='תכנון הבראה'!$D78,'תכנון הבראה'!$C78,0) -> 0 | K103: =J103-IF(K$70<='תכנון הבראה'!$D78,'תכנון הבראה'!$C78,0) -> 0 | L103: =K103-IF(L$70<='תכנון הבראה'!$D78,'תכנון הבראה'!$C78,0) -> 0 | ... CZ103: =CY103-IF(CZ$70<='תכנון הבראה'!$D78,'תכנון הבראה'!$C78,0) -> 0
A104: סה"כ יתרות חובות בהסדר | D104: =SUM(D71:D103) -> 0 | E104: =SUM(E71:E103) -> 0 | F104: =SUM(F71:F103) -> 0 | G104: =SUM(G71:G103) -> 0 | H104: =SUM(H71:H103) -> 0 | I104: =SUM(I71:I103) -> 0 | J104: =SUM(J71:J103) -> 0 | K104: =SUM(K71:K103) -> 0 | ... CZ104: =SUM(CZ71:CZ103) -> 0
A105: סה"כ יתרות חובות שלא בהסדר | D105: ='תכנון הבראה'!$B$117 -> 0 | E105: =MAX(0,D105-E11) -> #N/A | F105: =MAX(0,E105-F11) -> #N/A | G105: =MAX(0,F105-G11) -> #N/A | H105: =MAX(0,G105-H11) -> #N/A | I105: =MAX(0,H105-I11) -> #N/A | J105: =MAX(0,I105-J11) -> #N/A | K105: =MAX(0,J105-K11) -> #N/A | L105: =MAX(0,K105-L11) -> #N/A | ... CZ105: =MAX(0,CY105-CZ11) -> #N/A
A106: יתרת חובות לפני הבראה | D106: =D104+D105 -> 0 | E106: =E104+E105 -> #N/A | F106: =F104+F105 -> #N/A | G106: =G104+G105 -> #N/A | H106: =H104+H105 -> #N/A | I106: =I104+I105 -> #N/A | J106: =J104+J105 -> #N/A | K106: =K104+K105 -> #N/A | ... CZ106: =CZ104+CZ105 -> #N/A
A107: יתרת הלוואות בהסדר אחרי תכנית הבראה | E107: 1 | F107: =E107+1 -> 2 | G107: =F107+1 -> 3 | H107: =G107+1 -> 4 | I107: =H107+1 -> 5 | J107: =I107+1 -> 6 | K107: =J107+1 -> 7 | L107: =K107+1 -> 8 | M107: =L107+1 -> 9 | ... CZ107: =CY107+1 -> 100
A108: =A18 | D108: =IF(C18=1,0,'פריסת חובות'!B9) -> 0 | E108: =D108-E18 -> 0 | F108: =E108-F18 -> 0 | G108: =F108-G18 -> 0 | H108: =G108-H18 -> 0 | I108: =H108-I18 -> 0 | J108: =I108-J18 -> 0 | K108: =J108-K18 -> 0 | L108: =K108-L18 -> 0 | ... CZ108: =CY108-CZ18 -> 0
A109: =A19 | D109: =IF(C19=1,0,'פריסת חובות'!B10) -> 0 | E109: =D109-E19 -> 0 | F109: =E109-F19 -> 0 | G109: =F109-G19 -> 0 | H109: =G109-H19 -> 0 | I109: =H109-I19 -> 0 | J109: =I109-J19 -> 0 | K109: =J109-K19 -> 0 | L109: =K109-L19 -> 0 | ... CZ109: =CY109-CZ19 -> 0
A110: =A20 | D110: =IF(C20=1,0,'פריסת חובות'!B11) -> 0 | E110: =D110-E20 -> 0 | F110: =E110-F20 -> 0 | G110: =F110-G20 -> 0 | H110: =G110-H20 -> 0 | I110: =H110-I20 -> 0 | J110: =I110-J20 -> 0 | K110: =J110-K20 -> 0 | L110: =K110-L20 -> 0 | ... CZ110: =CY110-CZ20 -> 0
A111: =A21 | D111: =IF(C21=1,0,'פריסת חובות'!B12) -> 0 | E111: =D111-E21 -> 0 | F111: =E111-F21 -> 0 | G111: =F111-G21 -> 0 | H111: =G111-H21 -> 0 | I111: =H111-I21 -> 0 | J111: =I111-J21 -> 0 | K111: =J111-K21 -> 0 | L111: =K111-L21 -> 0 | ... CZ111: =CY111-CZ21 -> 0
A112: =A22 | D112: =IF(C22=1,0,'פריסת חובות'!B13) -> 0 | E112: =D112-E22 -> 0 | F112: =E112-F22 -> 0 | G112: =F112-G22 -> 0 | H112: =G112-H22 -> 0 | I112: =H112-I22 -> 0 | J112: =I112-J22 -> 0 | K112: =J112-K22 -> 0 | L112: =K112-L22 -> 0 | ... CZ112: =CY112-CZ22 -> 0
A113: =A23 | D113: =IF(C23=1,0,'פריסת חובות'!B14) -> 0 | E113: =D113-E23 -> 0 | F113: =E113-F23 -> 0 | G113: =F113-G23 -> 0 | H113: =G113-H23 -> 0 | I113: =H113-I23 -> 0 | J113: =I113-J23 -> 0 | K113: =J113-K23 -> 0 | L113: =K113-L23 -> 0 | ... CZ113: =CY113-CZ23 -> 0
A114: =A24 | D114: =IF(C24=1,0,'פריסת חובות'!B15) -> 0 | E114: =D114-E24 -> 0 | F114: =E114-F24 -> 0 | G114: =F114-G24 -> 0 | H114: =G114-H24 -> 0 | I114: =H114-I24 -> 0 | J114: =I114-J24 -> 0 | K114: =J114-K24 -> 0 | L114: =K114-L24 -> 0 | ... CZ114: =CY114-CZ24 -> 0
A115: =A25 | D115: =IF(C25=1,0,'פריסת חובות'!B16) -> 0 | E115: =D115-E25 -> 0 | F115: =E115-F25 -> 0 | G115: =F115-G25 -> 0 | H115: =G115-H25 -> 0 | I115: =H115-I25 -> 0 | J115: =I115-J25 -> 0 | K115: =J115-K25 -> 0 | L115: =K115-L25 -> 0 | ... CZ115: =CY115-CZ25 -> 0
A116: =A26 | D116: =IF(C26=1,0,'פריסת חובות'!B17) -> 0 | E116: =D116-E26 -> 0 | F116: =E116-F26 -> 0 | G116: =F116-G26 -> 0 | H116: =G116-H26 -> 0 | I116: =H116-I26 -> 0 | J116: =I116-J26 -> 0 | K116: =J116-K26 -> 0 | L116: =K116-L26 -> 0 | ... CZ116: =CY116-CZ26 -> 0
A117: =A27 | D117: =IF(C27=1,0,'פריסת חובות'!B18) -> 0 | E117: =D117-E27 -> 0 | F117: =E117-F27 -> 0 | G117: =F117-G27 -> 0 | H117: =G117-H27 -> 0 | I117: =H117-I27 -> 0 | J117: =I117-J27 -> 0 | K117: =J117-K27 -> 0 | L117: =K117-L27 -> 0 | ... CZ117: =CY117-CZ27 -> 0
A118: =A28 | D118: =IF(C28=1,0,'פריסת חובות'!B19) -> 0 | E118: =D118-E28 -> 0 | F118: =E118-F28 -> 0 | G118: =F118-G28 -> 0 | H118: =G118-H28 -> 0 | I118: =H118-I28 -> 0 | J118: =I118-J28 -> 0 | K118: =J118-K28 -> 0 | L118: =K118-L28 -> 0 | ... CZ118: =CY118-CZ28 -> 0
A119: =A29 | D119: =IF(C29=1,0,'פריסת חובות'!B20) -> 0 | E119: =D119-E29 -> 0 | F119: =E119-F29 -> 0 | G119: =F119-G29 -> 0 | H119: =G119-H29 -> 0 | I119: =H119-I29 -> 0 | J119: =I119-J29 -> 0 | K119: =J119-K29 -> 0 | L119: =K119-L29 -> 0 | ... CZ119: =CY119-CZ29 -> 0
... A140: =A50 | D140: =IF(C50=1,0,'פריסת חובות'!B41) -> 0 | E140: =D140-E50 -> 0 | F140: =E140-F50 -> 0 | G140: =F140-G50 -> 0 | H140: =G140-H50 -> 0 | I140: =H140-I50 -> 0 | J140: =I140-J50 -> 0 | K140: =J140-K50 -> 0 | L140: =K140-L50 -> 0 | ... CZ140: =CY140-CZ50 -> 0
A141: יתרות חובות מקוריות שבהסדר | D141: =SUM(D108:D140) -> 0 | E141: =SUM(E108:E140) -> 0 | F141: =SUM(F108:F140) -> 0 | G141: =SUM(G108:G140) -> 0 | H141: =SUM(H108:H140) -> 0 | I141: =SUM(I108:I140) -> 0 | J141: =SUM(J108:J140) -> 0 | K141: =SUM(K108:K140) -> 0 | ... CZ141: =SUM(CZ108:CZ140) -> 0
A142: הלוואות חדשות
A143: =A54 -> הלוואה 1 | D143: =E54*'תכנון הבראה'!F28 -> 0 | E143: =D143-E54 -> 0 | F143: =E143-F54 -> 0 | G143: =F143-G54 -> 0 | H143: =G143-H54 -> 0 | I143: =H143-I54 -> 0 | J143: =I143-J54 -> 0 | K143: =J143-K54 -> 0 | L143: =K143-L54 -> 0 | ... CZ143: =CY143-CZ54 -> 0
A144: =A55 -> הלוואה 2 | D144: =E55*'תכנון הבראה'!F29 -> 0 | E144: =D144-E55 -> 0 | F144: =E144-F55 -> 0 | G144: =F144-G55 -> 0 | H144: =G144-H55 -> 0 | I144: =H144-I55 -> 0 | J144: =I144-J55 -> 0 | K144: =J144-K55 -> 0 | L144: =K144-L55 -> 0 | ... CZ144: =CY144-CZ55 -> 0
A145: =A56 -> הלוואה 3 | D145: =E56*'תכנון הבראה'!F30 -> 0 | E145: =D145-E56 -> 0 | F145: =E145-F56 -> 0 | G145: =F145-G56 -> 0 | H145: =G145-H56 -> 0 | I145: =H145-I56 -> 0 | J145: =I145-J56 -> 0 | K145: =J145-K56 -> 0 | L145: =K145-L56 -> 0 | ... CZ145: =CY145-CZ56 -> 0
A146: =A57 -> הלוואה 4 | D146: =E57*'תכנון הבראה'!F31 -> 0 | E146: =D146-E57 -> 0 | F146: =E146-F57 -> 0 | G146: =F146-G57 -> 0 | H146: =G146-H57 -> 0 | I146: =H146-I57 -> 0 | J146: =I146-J57 -> 0 | K146: =J146-K57 -> 0 | L146: =K146-L57 -> 0 | ... CZ146: =CY146-CZ57 -> 0
A147: =A58 -> הלוואה 5 | D147: =E58*'תכנון הבראה'!F32 -> 0 | E147: =D147-E58 -> 0 | F147: =E147-F58 -> 0 | G147: =F147-G58 -> 0 | H147: =G147-H58 -> 0 | I147: =H147-I58 -> 0 | J147: =I147-J58 -> 0 | K147: =J147-K58 -> 0 | L147: =K147-L58 -> 0 | ... CZ147: =CY147-CZ58 -> 0
A148: =A59 -> הלוואה 6 | D148: =E59*'תכנון הבראה'!F33 -> 0 | E148: =D148-E59 -> 0 | F148: =E148-F59 -> 0 | G148: =F148-G59 -> 0 | H148: =G148-H59 -> 0 | I148: =H148-I59 -> 0 | J148: =I148-J59 -> 0 | K148: =J148-K59 -> 0 | L148: =K148-L59 -> 0 | ... CZ148: =CY148-CZ59 -> 0
A149: =A60 -> הלוואה 7 | D149: =E60*'תכנון הבראה'!F34 -> 0 | E149: =D149-E60 -> 0 | F149: =E149-F60 -> 0 | G149: =F149-G60 -> 0 | H149: =G149-H60 -> 0 | I149: =H149-I60 -> 0 | J149: =I149-J60 -> 0 | K149: =J149-K60 -> 0 | L149: =K149-L60 -> 0 | ... CZ149: =CY149-CZ60 -> 0
A150: =A61 -> הלוואה 8 | D150: =E61*'תכנון הבראה'!F35 -> 0 | E150: =D150-E61 -> 0 | F150: =E150-F61 -> 0 | G150: =F150-G61 -> 0 | H150: =G150-H61 -> 0 | I150: =H150-I61 -> 0 | J150: =I150-J61 -> 0 | K150: =J150-K61 -> 0 | L150: =K150-L61 -> 0 | ... CZ150: =CY150-CZ61 -> 0
A151: =A62 -> הלוואה 9 | D151: =E62*'תכנון הבראה'!F36 -> 0 | E151: =D151-E62 -> 0 | F151: =E151-F62 -> 0 | G151: =F151-G62 -> 0 | H151: =G151-H62 -> 0 | I151: =H151-I62 -> 0 | J151: =I151-J62 -> 0 | K151: =J151-K62 -> 0 | L151: =K151-L62 -> 0 | ... CZ151: =CY151-CZ62 -> 0
A152: =A63 -> הלוואה 10 | D152: =E63*'תכנון הבראה'!F37 -> 0 | E152: =D152-E63 -> 0 | F152: =E152-F63 -> 0 | G152: =F152-G63 -> 0 | H152: =G152-H63 -> 0 | I152: =H152-I63 -> 0 | J152: =I152-J63 -> 0 | K152: =J152-K63 -> 0 | L152: =K152-L63 -> 0 | ... CZ152: =CY152-CZ63 -> 0
A153: יתרות הלוואות חדשות | D153: =SUM(D143:D152) -> 0 | E153: =SUM(E143:E152) -> 0 | F153: =SUM(F143:F152) -> 0 | G153: =SUM(G143:G152) -> 0 | H153: =SUM(H143:H152) -> 0 | I153: =SUM(I143:I152) -> 0 | J153: =SUM(J143:J152) -> 0 | K153: =SUM(K143:K152) -> 0 | ... CZ153: =SUM(CZ143:CZ152) -> 0
A154: סה"כ יתרות חובות בהסדר | D154: =MAX(0,D141+D153) -> 0 | E154: =MAX(0,E141+E153) -> 0 | F154: =MAX(0,F141+F153) -> 0 | G154: =MAX(0,G141+G153) -> 0 | H154: =MAX(0,H141+H153) -> 0 | I154: =MAX(0,I141+I153) -> 0 | J154: =MAX(0,J141+J153) -> 0 | K154: =MAX(0,K141+K153) -> 0 | ... CZ154: =MAX(0,CZ141+CZ153) -> 0
A155: עודף שישמש לסילוק חובות שלא בהסדר | E155: =IF(E165>0, E165, MIN(D156,E66)) -> #N/A | F155: =IF(F165>0, F165, MIN(E156,F66)) -> #N/A | G155: =IF(G165>0, G165, MIN(F156,G66)) -> #N/A | H155: =IF(H165>0, H165, MIN(G156,H66)) -> #N/A | I155: =IF(I165>0, I165, MIN(H156,I66)) -> #N/A | J155: =IF(J165>0, J165, MIN(I156,J66)) -> #N/A | K155: =IF(K165>0, K165, MIN(J156,K66)) -> #N/A | L155: =IF(L165>0, L165, MIN(K156,L66)) -> #N/A | ... CZ155: =IF(CZ165>0, CZ165, MIN(CY156,CZ66)) -> #N/A
A156: סה"כ יתרות חובות שלא בהסדר | D156: ='תכנון הבראה'!$B$117-'תכנון הבראה'!$H$117-SUMIF('תכנון הבראה'!$G$84:$G$116,'תכנון הבראה'!$X$8,'תכנון הבראה'!$B$84:$B$116) -> 0 | E156: =MAX(0,D156-E155) -> #N/A | F156: =MAX(0,E156-F155) -> #N/A | G156: =MAX(0,F156-G155) -> #N/A | H156: =MAX(0,G156-H155) -> #N/A | I156: =MAX(0,H156-I155) -> #N/A | J156: =MAX(0,I156-J155) -> #N/A | K156: =MAX(0,J156-K155) -> #N/A | L156: =MAX(0,K156-L155) -> #N/A | ... O156: =MAX(0,N156-O155) -> #N/A | P156: =MAX(0,O156-P66) -> #N/A | Q156: =MAX(0,P156-Q66) -> #N/A | R156: =MAX(0,Q156-R66) -> #N/A | S156: =MAX(0,R156-S66) -> #N/A | T156: =MAX(0,S156-T66) -> #N/A | U156: =MAX(0,T156-U66) -> #N/A | V156: =MAX(0,U156-V66) -> #N/A | W156: =MAX(0,V156-W66) -> #N/A | ... CZ156: =MAX(0,CY156-CZ66) -> #N/A
A157: יתרת חובות בהסדר ללא החזר מכוסה | C157: ` | D157: =MAX(0,D154-SUM(D66:$D$66)+SUM(D155:$D$155)) -> 0 | E157: =MAX(0,E154-SUM($D66:E$66)+SUM($D155:E$155)) -> #N/A | F157: =MAX(0,F154-SUM($D66:F$66)+SUM($D155:F$155)) -> #N/A | G157: =MAX(0,G154-SUM($D66:G$66)+SUM($D155:G$155)) -> #N/A | H157: =MAX(0,H154-SUM($D66:H$66)+SUM($D155:H$155)) -> #N/A | I157: =MAX(0,I154-SUM($D66:I$66)+SUM($D155:I$155)) -> #N/A | J157: =MAX(0,J154-SUM($D66:J$66)+SUM($D155:J$155)) -> #N/A | K157: =MAX(0,K154-SUM($D66:K$66)+SUM($D155:K$155)) -> #N/A | L157: =MAX(0,L154-SUM($D66:L$66)+SUM($D155:L$155)) -> #N/A | ... CZ157: =MAX(0,CZ154-SUM($D66:CZ$66)+SUM($D155:CZ$155)) -> #N/A
A159: צבירת חוסרים מהתזרים החודשי (לבחינת השלמה באמצעות הלוואה מפעמונים) | E159: =D159+IF(E66<0,E66,0) -> #N/A | F159: =E159+IF(F66<0,F66,0) -> #N/A | G159: =F159+IF(G66<0,G66,0) -> #N/A | H159: =G159+IF(H66<0,H66,0) -> #N/A | I159: =H159+IF(I66<0,I66,0) -> #N/A | J159: =I159+IF(J66<0,J66,0) -> #N/A | K159: =J159+IF(K66<0,K66,0) -> #N/A | L159: =K159+IF(L66<0,L66,0) -> #N/A | ... CZ159: =CY159+IF(CZ66<0,CZ66,0) -> #N/A
A160: צבירת עודפים מהתזרים החודשי (לבחינת פרעונות מוקדמים בעתיד) | E160: =D160+IF(E156>0, 0, E66-D156) -> #N/A | F160: =E160+IF(F156>0, 0, F66-E156) -> #N/A | G160: =F160+IF(G156>0, 0, G66-F156) -> #N/A | H160: =G160+IF(H156>0, 0, H66-G156) -> #N/A | I160: =H160+IF(I156>0, 0, I66-H156) -> #N/A | J160: =I160+IF(J156>0, 0, J66-I156) -> #N/A | K160: =J160+IF(K156>0, 0, K66-J156) -> #N/A | L160: =K160+IF(L156>0, 0, L66-K156) -> #N/A | ... CZ160: =CY160+IF(CZ156>0, 0, CZ66-CY156) -> #N/A
A163: עודפי כספים ביום הראשון ובהמשך המכסים החזרי חובות | C163: שחרור חסכון | E163: ='סיכום ויזואלי'!I6 -> 0 | F163: =SUMPRODUCT((YEAR('תכנון הבראה'!$D$18:$D$21)=YEAR(F$5))*(MONTH('תכנון הבראה'!$D$18:$D$21)=MONTH(F$5))*('תכנון הבראה'!$C$18:$C$21)) -> 0 | G163: =SUMPRODUCT((YEAR('תכנון הבראה'!$D$18:$D$21)=YEAR(G$5))*(MONTH('תכנון הבראה'!$D$18:$D$21)=MONTH(G$5))*('תכנון הבראה'!$C$18:$C$21)) -> 0 | H163: =SUMPRODUCT((YEAR('תכנון הבראה'!$D$18:$D$21)=YEAR(H$5))*(MONTH('תכנון הבראה'!$D$18:$D$21)=MONTH(H$5))*('תכנון הבראה'!$C$18:$C$21)) -> 0 | I163: =SUMPRODUCT((YEAR('תכנון הבראה'!$D$18:$D$21)=YEAR(I$5))*(MONTH('תכנון הבראה'!$D$18:$D$21)=MONTH(I$5))*('תכנון הבראה'!$C$18:$C$21)) -> 0 | J163: =SUMPRODUCT((YEAR('תכנון הבראה'!$D$18:$D$21)=YEAR(J$5))*(MONTH('תכנון הבראה'!$D$18:$D$21)=MONTH(J$5))*('תכנון הבראה'!$C$18:$C$21)) -> 0 | K163: =SUMPRODUCT((YEAR('תכנון הבראה'!$D$18:$D$21)=YEAR(K$5))*(MONTH('תכנון הבראה'!$D$18:$D$21)=MONTH(K$5))*('תכנון הבראה'!$C$18:$C$21)) -> 0 | L163: =SUMPRODUCT((YEAR('תכנון הבראה'!$D$18:$D$21)=YEAR(L$5))*(MONTH('תכנון הבראה'!$D$18:$D$21)=MONTH(L$5))*('תכנון הבראה'!$C$18:$C$21)) -> 0 | M163: =SUMPRODUCT((YEAR('תכנון הבראה'!$D$18:$D$21)=YEAR(M$5))*(MONTH('תכנון הבראה'!$D$18:$D$21)=MONTH(M$5))*('תכנון הבראה'!$C$18:$C$21)) -> 0 | ... CZ163: =SUMPRODUCT((YEAR('תכנון הבראה'!$D$18:$D$21)=YEAR(CZ$5))*(MONTH('תכנון הבראה'!$D$18:$D$21)=MONTH(CZ$5))*('תכנון הבראה'!$C$18:$C$21)) -> 0
C164: יתרה | E164: =MAX(D164+E163+IF(E66<0,E66,0),0) -> #N/A | F164: =MAX(E164+F163+IF(F66<0,F66,0),0) -> #N/A | G164: =MAX(F164+G163+IF(G66<0,G66,0),0) -> #N/A | H164: =MAX(G164+H163+IF(H66<0,H66,0),0) -> #N/A | I164: =MAX(H164+I163+IF(I66<0,I66,0),0) -> #N/A | J164: =MAX(I164+J163+IF(J66<0,J66,0),0) -> #N/A | K164: =MAX(J164+K163+IF(K66<0,K66,0),0) -> #N/A | L164: =MAX(K164+L163+IF(L66<0,L66,0),0) -> #N/A | ... CZ164: =MAX(CY164+CZ163+IF(CZ66<0,CZ66,0),0) -> #N/A
C165: החזר מכוסה | E165: =-IF(E66<0,MIN(-E66,E164-IF(E163>0,E163,D164),0)) -> #N/A | F165: =-IF(F66<0,MIN(-F66,F164-IF(F163>0,F163,E164),0)) -> #N/A | G165: =-IF(G66<0,MIN(-G66,G164-IF(G163>0,G163,F164),0)) -> #N/A | H165: =-IF(H66<0,MIN(-H66,H164-IF(H163>0,H163,G164),0)) -> #N/A | I165: =-IF(I66<0,MIN(-I66,I164-IF(I163>0,I163,H164),0)) -> #N/A | J165: =-IF(J66<0,MIN(-J66,J164-IF(J163>0,J163,I164),0)) -> #N/A | K165: =-IF(K66<0,MIN(-K66,K164-IF(K163>0,K163,J164),0)) -> #N/A | L165: =-IF(L66<0,MIN(-L66,L164-IF(L163>0,L163,K164),0)) -> #N/A | ... CZ165: =-IF(CZ66<0,MIN(-CZ66,CZ164-IF(CZ163>0,CZ163,CY164),0)) -> #N/A
C166: החזר שנותר לממן מהתקציב | E166: =E65-E165 -> #N/A | F166: =F65-F165 -> #N/A | G166: =G65-G165 -> #N/A | H166: =H65-H165 -> #N/A | I166: =I65-I165 -> #N/A | J166: =J65-J165 -> #N/A | K166: =K65-K165 -> #N/A | L166: =L65-L165 -> #N/A | ... CZ166: =CZ65-CZ165 -> #N/A
...
